temperature,humidity,time
25.4,55,2022-10-06 00:03
25.4,55,2022-10-06 00:14
25.2,58,2022-10-06 00:44
24.9,59,2022-10-06 01:34
25.3,57,2022-10-06 02:38
25.4,57,2022-10-06 03:24
25.4,58,2022-10-06 04:00
25.5,58,2022-10-06 04:31
25.5,58,2022-10-06 05:13
25.5,58,2022-10-06 05:44
25.5,58,2022-10-06 06:11
25.5,56,2022-10-06 06:41
25.5,57,2022-10-06 07:13
25.5,57,2022-10-06 07:46
25.7,57,2022-10-06 08:13
25.8,55,2022-10-06 08:47
26.2,54,2022-10-06 10:06
26.7,53,2022-10-06 12:17
26.8,53,2022-10-06 13:13
27.0,53,2022-10-06 14:07
26.3,53,2022-10-06 14:59
25.9,54,2022-10-06 15:31
25.6,54,2022-10-06 16:18
25.5,54,2022-10-06 16:45
25.4,54,2022-10-06 17:15
25.2,54,2022-10-06 17:52
25.0,54,2022-10-06 18:18
25.1,55,2022-10-06 18:51
25.2,56,2022-10-06 19:15
25.1,55,2022-10-06 19:48
25.1,55,2022-10-06 20:12
25.4,56,2022-10-06 20:40
25.5,56,2022-10-06 21:24
25.7,59,2022-10-06 22:27
25.9,57,2022-10-06 23:12
26.2,56,2022-10-06 23:53
26.2,56,2022-10-07 00:14
26.3,56,2022-10-07 00:49
26.2,56,2022-10-07 01:19
26.1,56,2022-10-07 02:05
26.0,55,2022-10-07 02:53
26.0,57,2022-10-07 03:17
25.8,59,2022-10-07 03:57
25.7,61,2022-10-07 04:22
25.7,61,2022-10-07 04:43
25.6,62,2022-10-07 05:13
25.4,62,2022-10-07 05:45
25.4,62,2022-10-07 06:11
25.3,61,2022-10-07 06:42
25.2,60,2022-10-07 07:12
25.1,58,2022-10-07 07:45
25.2,58,2022-10-07 08:14
25.2,57,2022-10-07 08:49
25.3,56,2022-10-07 10:16
26.2,54,2022-10-07 12:27
26.4,53,2022-10-07 13:33
26.6,52,2022-10-07 14:30
26.6,51,2022-10-07 14:57
26.6,48,2022-10-07 15:28
26.5,47,2022-10-07 16:01
26.5,46,2022-10-07 16:47
26.5,46,2022-10-07 17:14
26.4,46,2022-10-07 17:51
26.4,49,2022-10-07 18:16
26.4,51,2022-10-07 18:49
26.4,53,2022-10-07 19:15
26.3,55,2022-10-07 19:51
26.4,57,2022-10-07 20:14
26.4,57,2022-10-07 20:41
26.4,54,2022-10-07 21:25
26.4,54,2022-10-07 22:27
26.4,53,2022-10-07 23:12
26.4,53,2022-10-07 23:52
26.4,53,2022-10-08 00:14
26.4,52,2022-10-08 00:48
26.3,51,2022-10-08 01:19
25.9,50,2022-10-08 02:08
25.7,50,2022-10-08 02:59
25.6,51,2022-10-08 03:30
25.5,50,2022-10-08 03:58
25.4,51,2022-10-08 04:20
25.3,51,2022-10-08 04:39
25.2,51,2022-10-08 05:13
25.2,50,2022-10-08 05:45
25.1,50,2022-10-08 06:11
25.1,50,2022-10-08 06:41
24.9,49,2022-10-08 07:12
24.8,49,2022-10-08 07:46
24.8,48,2022-10-08 08:13
24.8,46,2022-10-08 08:47
24.9,46,2022-10-08 10:00
25.9,43,2022-10-08 12:05
26.0,43,2022-10-08 13:12
26.0,43,2022-10-08 14:05
25.9,43,2022-10-08 14:50
25.9,43,2022-10-08 15:16
26.0,44,2022-10-08 15:53
26.0,43,2022-10-08 16:15
26.1,44,2022-10-08 16:42
26.1,45,2022-10-08 17:15
26.1,45,2022-10-08 17:50
26.1,45,2022-10-08 18:14
26.1,45,2022-10-08 18:43
26.1,45,2022-10-08 19:12
25.7,46,2022-10-08 19:45
25.6,47,2022-10-08 20:09
25.7,48,2022-10-08 20:38
25.7,46,2022-10-08 21:20
25.8,46,2022-10-08 22:10
25.8,46,2022-10-08 22:58
25.8,47,2022-10-08 23:21
25.8,47,2022-10-08 23:43
25.9,47,2022-10-09 00:11
25.8,48,2022-10-09 00:44
25.9,48,2022-10-09 01:15
26.0,48,2022-10-09 01:59
25.9,47,2022-10-09 02:26
25.7,48,2022-10-09 02:48
25.4,49,2022-10-09 03:13
25.2,50,2022-10-09 03:48
25.2,50,2022-10-09 04:11
25.1,50,2022-10-09 04:37
25.0,50,2022-10-09 05:12
24.9,51,2022-10-09 05:43
24.9,50,2022-10-09 06:10
24.8,50,2022-10-09 06:40
24.7,50,2022-10-09 07:11
24.6,50,2022-10-09 07:43
24.6,50,2022-10-09 08:12
24.6,50,2022-10-09 08:45
24.5,50,2022-10-09 10:04
25.2,52,2022-10-09 12:42
25.3,54,2022-10-09 13:56
25.3,54,2022-10-09 14:35
25.4,57,2022-10-09 15:18
25.3,58,2022-10-09 15:53
25.3,59,2022-10-09 16:15
25.3,59,2022-10-09 16:41
25.3,60,2022-10-09 17:15
25.3,60,2022-10-09 17:48
25.4,60,2022-10-09 18:13
25.5,60,2022-10-09 18:43
25.7,60,2022-10-09 19:12
25.6,61,2022-10-09 19:45
25.6,61,2022-10-09 20:10
25.5,62,2022-10-09 20:38
25.5,62,2022-10-09 21:20
25.6,62,2022-10-09 22:09
25.8,61,2022-10-09 22:55
25.8,61,2022-10-09 23:13
25.8,61,2022-10-09 23:41
25.7,61,2022-10-10 00:13
25.6,61,2022-10-10 00:46
25.6,61,2022-10-10 01:15
25.6,63,2022-10-10 01:59
25.3,63,2022-10-10 02:28
25.2,62,2022-10-10 02:50
25.1,61,2022-10-10 03:14
24.9,59,2022-10-10 03:49
24.7,58,2022-10-10 04:11
24.6,57,2022-10-10 04:37
24.5,55,2022-10-10 05:12
24.4,53,2022-10-10 05:43
24.3,49,2022-10-10 06:10
24.1,48,2022-10-10 06:41
24.1,47,2022-10-10 07:11
24.0,47,2022-10-10 07:44
24.0,47,2022-10-10 08:12
24.0,47,2022-10-10 08:46
24.2,45,2022-10-10 10:09
24.7,43,2022-10-10 12:55
24.8,41,2022-10-10 14:19
24.8,40,2022-10-10 15:26
24.9,40,2022-10-10 16:09
25.0,40,2022-10-10 16:56
24.7,39,2022-10-10 17:23
24.5,39,2022-10-10 17:57
24.3,39,2022-10-10 18:21
24.2,40,2022-10-10 18:48
24.1,41,2022-10-10 19:12
24.0,41,2022-10-10 19:46
24.1,41,2022-10-10 20:11
24.4,41,2022-10-10 20:40
24.7,41,2022-10-10 21:27
24.8,39,2022-10-10 22:32
24.7,40,2022-10-10 23:33
24.4,42,2022-10-11 00:17
24.5,42,2022-10-11 00:50
24.6,41,2022-10-11 01:19
24.1,40,2022-10-11 02:08
23.8,42,2022-10-11 02:58
23.7,41,2022-10-11 03:32
23.5,43,2022-10-11 04:20
23.4,43,2022-10-11 04:44
23.3,43,2022-10-11 05:13
23.2,44,2022-10-11 05:45
23.2,44,2022-10-11 06:11
23.2,44,2022-10-11 06:42
23.1,45,2022-10-11 07:13
23.1,45,2022-10-11 07:45
23.0,44,2022-10-11 08:13
23.2,44,2022-10-11 08:48
23.5,43,2022-10-11 10:02
23.9,43,2022-10-11 12:52
24.1,43,2022-10-11 14:16
24.3,41,2022-10-11 15:23
24.3,41,2022-10-11 16:05
24.6,42,2022-10-11 16:58
24.7,41,2022-10-11 17:30
24.7,42,2022-10-11 17:58
24.5,43,2022-10-11 18:24
24.4,43,2022-10-11 18:48
24.5,43,2022-10-11 19:13
24.4,43,2022-10-11 19:47
24.4,43,2022-10-11 20:11
24.3,43,2022-10-11 20:40
24.3,43,2022-10-11 21:25
24.2,43,2022-10-11 22:27
24.1,43,2022-10-11 23:11
23.8,44,2022-10-11 23:51
23.6,45,2022-10-12 00:14
23.4,45,2022-10-12 00:49
23.3,46,2022-10-12 01:19
23.1,46,2022-10-12 02:04
23.0,47,2022-10-12 02:53
22.9,47,2022-10-12 03:17
22.8,47,2022-10-12 03:53
22.8,47,2022-10-12 04:15
22.7,47,2022-10-12 04:41
22.6,47,2022-10-12 05:15
22.6,47,2022-10-12 05:46
22.6,47,2022-10-12 06:12
22.6,47,2022-10-12 06:44
22.6,46,2022-10-12 07:12
22.6,45,2022-10-12 07:46
22.7,45,2022-10-12 08:14
23.0,44,2022-10-12 08:50
23.5,44,2022-10-12 10:16
23.9,43,2022-10-12 12:44
24.1,41,2022-10-12 14:01
24.2,42,2022-10-12 15:01
24.3,42,2022-10-12 16:00
24.3,42,2022-10-12 16:32
24.4,43,2022-10-12 17:15
24.4,45,2022-10-12 17:51
24.3,46,2022-10-12 18:17
24.2,47,2022-10-12 18:48
24.3,46,2022-10-12 19:15
24.4,47,2022-10-12 19:49
24.4,46,2022-10-12 20:12
24.4,47,2022-10-12 20:41
24.3,47,2022-10-12 21:24
24.2,48,2022-10-12 22:25
24.2,48,2022-10-12 23:15
24.1,48,2022-10-12 23:54
24.1,48,2022-10-13 00:17
23.8,48,2022-10-13 00:54
23.7,49,2022-10-13 01:24
23.4,50,2022-10-13 02:19
23.3,51,2022-10-13 02:59
23.2,51,2022-10-13 03:34
23.1,52,2022-10-13 04:17
23.0,53,2022-10-13 04:42
23.0,53,2022-10-13 05:14
23.0,53,2022-10-13 05:46
22.9,53,2022-10-13 06:12
22.9,53,2022-10-13 06:43
22.9,54,2022-10-13 07:12
23.1,54,2022-10-13 07:45
23.4,54,2022-10-13 08:13
23.8,53,2022-10-13 08:47
24.1,53,2022-10-13 10:07
24.7,53,2022-10-13 12:57
24.9,51,2022-10-13 14:22
25.0,52,2022-10-13 15:23
25.1,52,2022-10-13 16:08
25.1,54,2022-10-13 16:51
25.1,54,2022-10-13 17:16
25.1,54,2022-10-13 17:52
25.0,54,2022-10-13 18:17
25.0,55,2022-10-13 18:48
25.0,55,2022-10-13 19:14
25.0,56,2022-10-13 19:48
24.8,56,2022-10-13 20:11
24.6,57,2022-10-13 20:41
24.6,59,2022-10-13 21:24
24.8,57,2022-10-13 22:32
24.7,57,2022-10-13 23:21
24.4,58,2022-10-13 23:49
24.3,58,2022-10-14 00:14
24.2,58,2022-10-14 00:48
24.1,58,2022-10-14 01:18
23.9,58,2022-10-14 02:09
23.8,58,2022-10-14 03:00
23.7,58,2022-10-14 03:35
23.7,58,2022-10-14 04:18
23.6,59,2022-10-14 04:42
23.5,58,2022-10-14 05:13
23.4,58,2022-10-14 05:45
23.4,58,2022-10-14 06:13
23.4,58,2022-10-14 06:42
23.8,57,2022-10-14 07:14
24.1,57,2022-10-14 07:46
24.3,57,2022-10-14 08:14
24.6,56,2022-10-14 08:49
25.1,56,2022-10-14 10:16
25.4,58,2022-10-14 13:05
25.6,57,2022-10-14 14:49
25.6,58,2022-10-14 15:43
25.6,56,2022-10-14 16:30
25.5,55,2022-10-14 17:18
25.4,55,2022-10-14 17:53
25.3,56,2022-10-14 18:17
25.5,56,2022-10-14 18:48
25.5,56,2022-10-14 19:14
25.5,56,2022-10-14 19:47
25.5,57,2022-10-14 20:11
25.5,57,2022-10-14 20:40
25.4,57,2022-10-14 21:25
24.9,57,2022-10-14 22:30
24.7,58,2022-10-14 23:21
24.6,59,2022-10-14 23:53
24.5,59,2022-10-15 00:15
24.4,59,2022-10-15 00:49
24.3,59,2022-10-15 01:18
24.2,59,2022-10-15 02:05
24.1,59,2022-10-15 02:52
24.1,59,2022-10-15 03:16
24.0,59,2022-10-15 03:52
23.9,59,2022-10-15 04:14
23.9,59,2022-10-15 04:39
23.8,60,2022-10-15 05:13
23.7,60,2022-10-15 05:48
23.7,60,2022-10-15 06:12
23.7,60,2022-10-15 06:43
23.8,60,2022-10-15 07:12
24.1,60,2022-10-15 07:45
24.4,59,2022-10-15 08:13
24.8,60,2022-10-15 08:46
25.1,59,2022-10-15 10:09
24.9,62,2022-10-15 12:54
24.9,60,2022-10-15 14:09
24.8,61,2022-10-15 15:02
25.4,62,2022-10-15 15:58
25.7,61,2022-10-15 16:22
25.8,60,2022-10-15 16:43
26.0,59,2022-10-15 17:16
25.8,59,2022-10-15 17:51
25.7,59,2022-10-15 18:15
25.6,60,2022-10-15 18:44
25.6,60,2022-10-15 19:12
25.7,60,2022-10-15 19:45
25.7,60,2022-10-15 20:10
25.8,60,2022-10-15 20:38
25.9,60,2022-10-15 21:21
25.8,61,2022-10-15 22:10
25.8,61,2022-10-15 22:56
25.8,61,2022-10-15 23:15
25.9,61,2022-10-15 23:42
25.8,61,2022-10-16 00:11
25.8,60,2022-10-16 00:45
25.7,61,2022-10-16 01:15
25.7,60,2022-10-16 01:59
25.5,60,2022-10-16 02:29
25.3,60,2022-10-16 02:51
25.2,60,2022-10-16 03:13
25.0,60,2022-10-16 03:49
24.9,60,2022-10-16 04:11
24.8,61,2022-10-16 04:37
24.7,61,2022-10-16 05:12
24.6,61,2022-10-16 05:43
24.6,62,2022-10-16 06:10
24.5,62,2022-10-16 06:41
24.5,62,2022-10-16 07:11
24.6,61,2022-10-16 07:43
24.6,61,2022-10-16 08:12
25.1,61,2022-10-16 08:46
26.0,59,2022-10-16 10:13
26.6,59,2022-10-16 12:59
26.6,60,2022-10-16 14:09
26.6,60,2022-10-16 14:58
26.6,60,2022-10-16 15:30
26.5,61,2022-10-16 16:16
26.5,61,2022-10-16 16:42
26.5,61,2022-10-16 17:15
26.5,62,2022-10-16 17:49
26.3,64,2022-10-16 18:13
26.4,64,2022-10-16 18:44
26.5,64,2022-10-16 19:12
26.5,63,2022-10-16 19:45
26.5,63,2022-10-16 20:09
26.5,64,2022-10-16 20:38
26.5,64,2022-10-16 21:21
26.2,65,2022-10-16 22:11
26.0,65,2022-10-16 22:56
25.9,65,2022-10-16 23:15
25.9,66,2022-10-16 23:42
25.7,67,2022-10-17 00:11
25.7,67,2022-10-17 00:45
25.6,67,2022-10-17 01:16
25.5,68,2022-10-17 02:00
25.5,68,2022-10-17 02:31
25.4,69,2022-10-17 03:14
25.4,68,2022-10-17 03:49
25.3,66,2022-10-17 04:11
25.3,67,2022-10-17 04:37
25.3,68,2022-10-17 05:13
25.3,69,2022-10-17 05:44
25.2,69,2022-10-17 06:10
25.3,69,2022-10-17 06:41
25.5,67,2022-10-17 07:11
25.6,64,2022-10-17 07:44
25.7,63,2022-10-17 08:12
25.8,63,2022-10-17 08:47
26.1,62,2022-10-17 10:15
26.4,62,2022-10-17 13:12
26.4,57,2022-10-17 14:55
26.4,57,2022-10-17 15:47
26.4,55,2022-10-17 16:39
26.3,55,2022-10-17 17:26
26.0,55,2022-10-17 18:01
26.0,56,2022-10-17 18:56
26.1,55,2022-10-17 19:19
26.1,54,2022-10-17 19:53
26.1,53,2022-10-17 20:14
26.1,53,2022-10-17 20:42
26.1,53,2022-10-17 21:27
25.7,52,2022-10-17 22:32
25.4,53,2022-10-17 23:32
25.2,49,2022-10-18 00:17
25.0,45,2022-10-18 00:54
24.8,43,2022-10-18 01:24
24.6,41,2022-10-18 02:20
24.3,39,2022-10-18 03:04
24.1,40,2022-10-18 04:07
24.1,41,2022-10-18 04:47
24.1,42,2022-10-18 05:13
24.0,44,2022-10-18 05:45
24.0,46,2022-10-18 06:12
24.0,49,2022-10-18 06:41
24.1,49,2022-10-18 07:12
24.3,48,2022-10-18 07:46
24.4,47,2022-10-18 08:13
24.6,46,2022-10-18 08:48
24.7,47,2022-10-18 10:09
25.0,43,2022-10-18 13:01
25.1,39,2022-10-18 14:52
25.2,39,2022-10-18 15:52
25.1,39,2022-10-18 16:33
24.9,38,2022-10-18 17:21
24.8,38,2022-10-18 18:00
24.7,40,2022-10-18 18:52
24.8,40,2022-10-18 19:15
24.8,39,2022-10-18 19:51
24.8,39,2022-10-18 20:12
24.7,39,2022-10-18 20:40
24.7,38,2022-10-18 21:27
24.3,38,2022-10-18 22:31
23.9,39,2022-10-18 23:33
23.9,39,2022-10-18 23:57
23.7,39,2022-10-19 00:20
23.7,41,2022-10-19 00:52
23.6,41,2022-10-19 01:22
23.4,41,2022-10-19 02:10
23.3,41,2022-10-19 02:59
23.2,42,2022-10-19 03:37
23.2,42,2022-10-19 04:18
23.1,42,2022-10-19 04:42
23.0,41,2022-10-19 05:13
22.8,42,2022-10-19 05:46
22.8,42,2022-10-19 06:11
22.7,42,2022-10-19 06:43
22.7,41,2022-10-19 07:12
23.0,41,2022-10-19 07:46
23.3,41,2022-10-19 08:14
23.7,41,2022-10-19 08:49
24.1,40,2022-10-19 10:10
24.4,44,2022-10-19 13:00
24.5,43,2022-10-19 14:53
24.4,42,2022-10-19 15:55
24.4,42,2022-10-19 16:37
24.3,43,2022-10-19 17:24
24.2,43,2022-10-19 18:00
24.2,44,2022-10-19 18:35
24.2,44,2022-10-19 19:19
24.2,42,2022-10-19 19:52
24.2,42,2022-10-19 20:14
24.2,41,2022-10-19 20:41
24.2,42,2022-10-19 21:26
24.1,42,2022-10-19 22:31
23.7,43,2022-10-19 23:29
23.6,44,2022-10-19 23:56
23.4,44,2022-10-20 00:18
23.3,44,2022-10-20 00:51
23.2,44,2022-10-20 01:20
23.0,44,2022-10-20 02:21
22.9,43,2022-10-20 03:04
22.7,44,2022-10-20 04:02
22.6,44,2022-10-20 04:44
22.6,44,2022-10-20 05:13
22.5,44,2022-10-20 05:46
22.4,44,2022-10-20 06:12
22.3,44,2022-10-20 06:43
22.4,44,2022-10-20 07:12
22.9,44,2022-10-20 07:48
23.1,44,2022-10-20 08:14
23.3,42,2022-10-20 08:49
23.6,40,2022-10-20 10:06
23.8,42,2022-10-20 12:44
24.0,40,2022-10-20 13:56
24.1,38,2022-10-20 14:37
24.2,37,2022-10-20 15:22
24.2,37,2022-10-20 16:03
23.9,36,2022-10-20 16:48
23.8,36,2022-10-20 17:16
23.9,37,2022-10-20 17:54
23.9,39,2022-10-20 18:19
24.1,39,2022-10-20 18:50
24.1,40,2022-10-20 19:15
24.1,41,2022-10-20 19:50
24.1,42,2022-10-20 20:12
24.1,43,2022-10-20 20:42
24.1,43,2022-10-20 21:25
24.0,44,2022-10-20 22:30
23.9,43,2022-10-20 23:21
23.6,44,2022-10-20 23:53
23.4,44,2022-10-21 00:16
23.2,45,2022-10-21 00:51
23.1,46,2022-10-21 01:21
22.9,46,2022-10-21 02:11
22.7,47,2022-10-21 03:03
22.6,47,2022-10-21 04:03
22.4,48,2022-10-21 04:44
22.3,48,2022-10-21 05:13
22.2,48,2022-10-21 05:46
22.2,48,2022-10-21 06:11
22.2,48,2022-10-21 06:43
22.2,48,2022-10-21 07:12
22.3,48,2022-10-21 07:46
22.6,48,2022-10-21 08:15
22.8,47,2022-10-21 08:50
23.4,44,2022-10-21 10:04
24.1,45,2022-10-21 12:19
24.6,46,2022-10-21 13:43
24.7,48,2022-10-21 14:44
24.8,48,2022-10-21 15:27
24.8,49,2022-10-21 16:04
24.7,50,2022-10-21 16:48
24.7,50,2022-10-21 17:16
24.6,52,2022-10-21 17:54
24.7,53,2022-10-21 18:19
24.8,53,2022-10-21 18:50
24.8,52,2022-10-21 19:14
24.8,52,2022-10-21 19:48
24.8,51,2022-10-21 20:12
24.8,51,2022-10-21 20:41
24.7,51,2022-10-21 21:25
24.8,52,2022-10-21 22:29
24.8,53,2022-10-21 23:23
24.7,53,2022-10-21 23:56
24.4,53,2022-10-22 00:24
24.3,54,2022-10-22 00:53
24.2,54,2022-10-22 01:22
24.1,54,2022-10-22 02:06
24.0,55,2022-10-22 02:54
23.9,55,2022-10-22 03:18
23.8,55,2022-10-22 03:55
23.8,56,2022-10-22 04:17
23.7,56,2022-10-22 04:41
23.7,56,2022-10-22 05:13
23.7,57,2022-10-22 05:45
23.7,57,2022-10-22 06:11
23.6,57,2022-10-22 06:42
23.6,57,2022-10-22 07:12
23.6,58,2022-10-22 07:46
23.8,58,2022-10-22 08:13
24.0,58,2022-10-22 08:48
24.4,56,2022-10-22 10:11
25.2,56,2022-10-22 12:33
25.3,61,2022-10-22 13:56
25.4,62,2022-10-22 14:39
25.3,64,2022-10-22 15:20
25.1,64,2022-10-22 15:55
25.0,64,2022-10-22 16:16
25.1,64,2022-10-22 16:43
25.2,64,2022-10-22 17:15
25.2,65,2022-10-22 17:51
25.2,66,2022-10-22 18:15
25.3,66,2022-10-22 18:45
25.4,65,2022-10-22 19:12
25.4,65,2022-10-22 19:46
25.4,65,2022-10-22 20:10
25.4,65,2022-10-22 20:39
25.2,66,2022-10-22 21:21
25.0,66,2022-10-22 22:11
24.9,64,2022-10-22 22:57
24.8,64,2022-10-22 23:18
24.8,64,2022-10-22 23:43
24.7,64,2022-10-23 00:11
24.7,63,2022-10-23 00:45
24.6,63,2022-10-23 01:16
24.6,64,2022-10-23 02:01
24.5,64,2022-10-23 02:49
24.4,64,2022-10-23 03:14
24.4,64,2022-10-23 03:50
24.4,64,2022-10-23 04:12
24.3,64,2022-10-23 04:38
24.3,64,2022-10-23 05:12
24.2,64,2022-10-23 05:44
24.2,64,2022-10-23 06:10
24.2,64,2022-10-23 06:41
24.2,64,2022-10-23 07:11
24.2,64,2022-10-23 07:44
24.3,64,2022-10-23 08:12
24.7,63,2022-10-23 08:47
25.2,57,2022-10-23 10:08
25.7,53,2022-10-23 12:44
25.8,52,2022-10-23 14:02
25.8,50,2022-10-23 15:00
25.8,49,2022-10-23 15:36
25.7,48,2022-10-23 16:18
25.7,49,2022-10-23 16:44
25.6,48,2022-10-23 17:15
25.5,50,2022-10-23 17:49
25.3,50,2022-10-23 18:14
25.4,49,2022-10-23 18:45
25.5,48,2022-10-23 19:12
25.4,46,2022-10-23 19:46
25.4,45,2022-10-23 20:10
25.3,43,2022-10-23 20:39
25.3,44,2022-10-23 21:22
25.1,45,2022-10-23 22:12
24.8,46,2022-10-23 22:59
24.6,46,2022-10-23 23:24
24.6,49,2022-10-23 23:44
24.5,50,2022-10-24 00:11
24.4,51,2022-10-24 00:46
24.3,51,2022-10-24 01:16
24.2,52,2022-10-24 02:01
24.1,52,2022-10-24 02:50
24.0,52,2022-10-24 03:14
23.9,53,2022-10-24 03:50
23.8,53,2022-10-24 04:13
23.7,53,2022-10-24 04:38
23.7,53,2022-10-24 05:13
23.7,53,2022-10-24 05:44
23.7,53,2022-10-24 06:11
23.6,52,2022-10-24 06:41
23.6,52,2022-10-24 07:11
23.8,50,2022-10-24 07:44
24.1,49,2022-10-24 08:13
24.2,49,2022-10-24 08:48
24.4,50,2022-10-24 10:18
24.3,38,2022-10-24 13:11
24.3,34,2022-10-24 14:58
24.3,35,2022-10-24 15:56
24.2,33,2022-10-24 16:46
24.0,33,2022-10-24 17:25
23.8,34,2022-10-24 18:01
23.8,35,2022-10-24 18:54
23.9,34,2022-10-24 19:18
23.8,33,2022-10-24 19:56
23.8,33,2022-10-24 20:17
23.8,34,2022-10-24 20:43
23.8,36,2022-10-24 21:25
23.6,39,2022-10-24 22:29
23.1,41,2022-10-24 23:24
23.0,40,2022-10-24 23:54
22.9,42,2022-10-25 00:17
22.7,44,2022-10-25 00:51
22.7,44,2022-10-25 01:19
22.4,43,2022-10-25 02:07
22.2,42,2022-10-25 02:59
22.2,43,2022-10-25 03:38
22.2,44,2022-10-25 04:21
22.1,44,2022-10-25 04:44
22.1,44,2022-10-25 05:13
22.0,44,2022-10-25 05:46
21.9,44,2022-10-25 06:12
21.8,44,2022-10-25 06:43
21.8,44,2022-10-25 07:12
22.2,43,2022-10-25 07:46
22.3,44,2022-10-25 08:13
22.4,43,2022-10-25 08:48
22.7,42,2022-10-25 10:12
23.1,42,2022-10-25 13:06
23.2,43,2022-10-25 14:56
23.2,42,2022-10-25 15:54
23.2,42,2022-10-25 16:36
23.1,42,2022-10-25 17:22
23.1,43,2022-10-25 17:59
23.0,44,2022-10-25 18:34
23.2,44,2022-10-25 19:16
23.2,44,2022-10-25 19:49
23.2,43,2022-10-25 20:12
23.2,43,2022-10-25 20:41
23.2,42,2022-10-25 21:27
23.0,41,2022-10-25 22:31
23.0,40,2022-10-25 23:32
22.7,42,2022-10-26 00:17
22.5,42,2022-10-26 00:53
22.3,41,2022-10-26 01:25
22.1,43,2022-10-26 02:26
21.9,44,2022-10-26 03:26
21.7,44,2022-10-26 04:21
21.6,44,2022-10-26 04:54
21.6,44,2022-10-26 05:15
21.4,44,2022-10-26 05:47
21.3,44,2022-10-26 06:11
21.3,44,2022-10-26 06:42
21.6,44,2022-10-26 07:12
21.7,44,2022-10-26 07:46
22.0,44,2022-10-26 08:11
22.2,44,2022-10-26 08:43
22.5,40,2022-10-26 10:01
22.7,36,2022-10-26 12:27
22.9,35,2022-10-26 13:33
23.0,35,2022-10-26 14:24
23.1,35,2022-10-26 14:48
23.1,35,2022-10-26 15:15
23.1,36,2022-10-26 15:51
23.1,37,2022-10-26 16:13
23.1,37,2022-10-26 16:39
23.1,38,2022-10-26 17:14
22.8,38,2022-10-26 17:45
22.6,38,2022-10-26 18:13
22.6,39,2022-10-26 18:40
22.5,39,2022-10-26 19:11
22.4,42,2022-10-26 19:43
22.5,44,2022-10-26 20:09
22.6,44,2022-10-26 20:36
22.7,43,2022-10-26 21:24
22.8,43,2022-10-26 22:26
22.7,43,2022-10-26 23:05
22.4,44,2022-10-26 23:43
22.3,45,2022-10-27 00:11
22.2,44,2022-10-27 00:43
22.1,45,2022-10-27 01:15
22.0,45,2022-10-27 01:57
21.9,45,2022-10-27 02:21
21.8,45,2022-10-27 02:43
21.7,45,2022-10-27 03:14
21.7,45,2022-10-27 03:46
21.6,45,2022-10-27 04:08
21.6,45,2022-10-27 04:34
21.5,46,2022-10-27 05:12
21.5,45,2022-10-27 05:41
21.4,45,2022-10-27 06:10
21.4,45,2022-10-27 06:40
21.3,46,2022-10-27 07:12
21.3,46,2022-10-27 07:43
21.5,46,2022-10-27 08:12
21.7,46,2022-10-27 08:42
22.1,45,2022-10-27 10:00
22.7,42,2022-10-27 12:21
22.9,41,2022-10-27 13:28
23.0,41,2022-10-27 14:06
23.1,42,2022-10-27 14:45
23.1,42,2022-10-27 15:14
23.1,42,2022-10-27 15:48
23.1,43,2022-10-27 16:10
23.1,43,2022-10-27 16:37
23.1,44,2022-10-27 17:15
23.1,45,2022-10-27 17:45
23.0,47,2022-10-27 18:11
23.1,47,2022-10-27 18:42
23.1,46,2022-10-27 19:12
23.1,47,2022-10-27 19:43
23.1,48,2022-10-27 20:10
22.9,49,2022-10-27 20:36
22.6,50,2022-10-27 21:25
22.4,50,2022-10-27 22:20
22.3,51,2022-10-27 23:05
22.2,50,2022-10-27 23:48
22.1,50,2022-10-28 00:11
22.0,50,2022-10-28 00:42
21.8,50,2022-10-28 01:15
21.7,51,2022-10-28 01:59
21.7,51,2022-10-28 02:26
21.6,51,2022-10-28 02:44
21.6,51,2022-10-28 03:16
21.6,51,2022-10-28 03:50
21.5,52,2022-10-28 04:11
21.5,52,2022-10-28 04:35
21.5,52,2022-10-28 05:12
21.4,52,2022-10-28 05:40
21.4,53,2022-10-28 06:10
21.4,52,2022-10-28 06:38
21.3,52,2022-10-28 07:11
21.6,53,2022-10-28 07:40
22.1,53,2022-10-28 08:13
22.3,52,2022-10-28 08:43
22.8,48,2022-10-28 10:05
23.2,46,2022-10-28 12:27
23.3,46,2022-10-28 13:27
23.4,46,2022-10-28 14:06
23.4,43,2022-10-28 14:47
23.4,42,2022-10-28 15:14
23.4,41,2022-10-28 15:48
23.5,41,2022-10-28 16:10
23.5,43,2022-10-28 16:37
23.5,46,2022-10-28 17:15
23.6,48,2022-10-28 17:51
23.6,48,2022-10-28 18:13
23.6,49,2022-10-28 18:41
23.4,49,2022-10-28 19:12
23.2,50,2022-10-28 19:42
23.0,50,2022-10-28 20:10
22.9,51,2022-10-28 20:37
22.7,51,2022-10-28 21:23
22.5,51,2022-10-28 22:26
22.5,51,2022-10-28 23:06
22.4,51,2022-10-28 23:43
22.3,51,2022-10-29 00:11
22.3,51,2022-10-29 00:44
22.2,51,2022-10-29 01:14
22.2,52,2022-10-29 01:55
22.1,52,2022-10-29 02:16
22.0,52,2022-10-29 02:42
22.1,52,2022-10-29 03:14
22.3,51,2022-10-29 03:45
22.3,51,2022-10-29 04:08
22.4,51,2022-10-29 04:35
22.4,51,2022-10-29 05:12
22.5,51,2022-10-29 05:41
22.6,51,2022-10-29 06:10
22.6,51,2022-10-29 06:38
22.6,50,2022-10-29 07:11
22.6,51,2022-10-29 07:40
22.7,52,2022-10-29 08:12
23.0,50,2022-10-29 08:42
23.1,45,2022-10-29 09:54
22.9,40,2022-10-29 12:01
22.6,39,2022-10-29 13:09
22.6,40,2022-10-29 13:58
22.6,41,2022-10-29 14:21
22.8,42,2022-10-29 14:41
23.0,42,2022-10-29 15:13
23.0,42,2022-10-29 15:46
22.9,42,2022-10-29 16:09
22.8,41,2022-10-29 16:36
22.6,40,2022-10-29 17:14
22.4,40,2022-10-29 17:44
22.4,40,2022-10-29 18:10
22.2,40,2022-10-29 18:38
22.2,41,2022-10-29 19:11
22.2,41,2022-10-29 19:42
22.2,40,2022-10-29 20:09
22.4,41,2022-10-29 20:35
22.5,41,2022-10-29 21:18
22.5,41,2022-10-29 22:02
22.5,40,2022-10-29 22:46
22.4,40,2022-10-29 23:11
22.4,40,2022-10-29 23:38
22.2,40,2022-10-30 00:11
22.0,40,2022-10-30 00:41
21.9,40,2022-10-30 01:13
21.7,40,2022-10-30 01:52
21.7,39,2022-10-30 02:13
21.6,39,2022-10-30 02:40
21.5,40,2022-10-30 03:12
21.4,40,2022-10-30 03:44
21.4,40,2022-10-30 04:08
21.3,40,2022-10-30 04:34
21.2,41,2022-10-30 05:11
21.2,41,2022-10-30 05:39
21.2,41,2022-10-30 06:09
21.1,41,2022-10-30 06:37
21.1,41,2022-10-30 07:10
21.2,41,2022-10-30 07:39
21.4,41,2022-10-30 08:12
21.7,41,2022-10-30 08:42
22.1,40,2022-10-30 10:06
22.5,37,2022-10-30 12:32
22.7,36,2022-10-30 13:39
22.8,37,2022-10-30 14:19
22.9,38,2022-10-30 14:42
22.9,38,2022-10-30 15:13
22.9,38,2022-10-30 15:45
22.9,39,2022-10-30 16:09
22.9,39,2022-10-30 16:36
22.9,39,2022-10-30 17:13
22.8,39,2022-10-30 17:43
22.7,39,2022-10-30 18:10
22.6,40,2022-10-30 18:38
22.6,41,2022-10-30 19:11
22.6,42,2022-10-30 19:41
22.6,42,2022-10-30 20:08
22.6,42,2022-10-30 20:35
22.5,43,2022-10-30 21:20
22.2,44,2022-10-30 22:04
22.0,44,2022-10-30 22:47
21.8,44,2022-10-30 23:09
21.7,44,2022-10-30 23:37
21.6,45,2022-10-31 00:11
21.5,45,2022-10-31 00:40
21.4,45,2022-10-31 01:13
21.4,45,2022-10-31 01:52
21.3,45,2022-10-31 02:13
21.3,45,2022-10-31 02:40
21.2,45,2022-10-31 03:14
21.1,46,2022-10-31 03:45
21.1,46,2022-10-31 04:08
21.1,46,2022-10-31 04:33
21.0,46,2022-10-31 05:11
21.0,47,2022-10-31 05:39
20.9,47,2022-10-31 06:09
20.9,46,2022-10-31 06:37
20.8,46,2022-10-31 07:10
21.0,46,2022-10-31 07:39
21.4,45,2022-10-31 08:11
21.6,45,2022-10-31 08:41
22.1,45,2022-10-31 10:07
22.4,44,2022-10-31 12:27
22.6,44,2022-10-31 13:31
22.6,44,2022-10-31 14:27
22.5,44,2022-10-31 14:52
22.4,44,2022-10-31 15:14
22.3,45,2022-10-31 15:48
22.3,45,2022-10-31 16:11
22.2,46,2022-10-31 16:37
22.2,47,2022-10-31 17:17
22.2,48,2022-10-31 17:51
22.2,49,2022-10-31 18:14
22.3,48,2022-10-31 18:42
22.4,48,2022-10-31 19:12
22.4,47,2022-10-31 19:44
22.5,47,2022-10-31 20:10
22.5,46,2022-10-31 20:38
22.4,46,2022-10-31 21:25
22.2,48,2022-10-31 22:14
22.0,47,2022-10-31 23:08
21.9,47,2022-10-31 23:46
21.8,47,2022-11-01 00:11
21.8,47,2022-11-01 00:43
21.7,47,2022-11-01 01:16
21.7,49,2022-11-01 02:04
21.6,49,2022-11-01 02:56
21.6,50,2022-11-01 03:18
21.5,50,2022-11-01 03:49
21.5,50,2022-11-01 04:08
21.4,50,2022-11-01 04:34
21.4,51,2022-11-01 05:12
21.4,51,2022-11-01 05:41
21.4,51,2022-11-01 06:10
21.4,51,2022-11-01 06:38
21.3,51,2022-11-01 07:12
21.3,51,2022-11-01 07:41
21.3,52,2022-11-01 08:11
21.5,51,2022-11-01 08:44
22.0,50,2022-11-01 10:12
22.6,49,2022-11-01 12:44
22.8,50,2022-11-01 14:07
22.9,51,2022-11-01 15:00
23.0,50,2022-11-01 15:54
23.0,51,2022-11-01 16:14
23.0,52,2022-11-01 16:39
23.0,52,2022-11-01 17:15
23.0,53,2022-11-01 17:46
23.0,53,2022-11-01 18:12
23.0,54,2022-11-01 18:44
23.0,54,2022-11-01 19:11
23.0,56,2022-11-01 19:44
23.1,56,2022-11-01 20:09
23.1,56,2022-11-01 20:37
23.0,55,2022-11-01 21:25
23.0,53,2022-11-01 22:25
23.0,53,2022-11-01 23:01
23.0,53,2022-11-01 23:47
22.9,52,2022-11-02 00:12
22.9,52,2022-11-02 00:44
22.7,53,2022-11-02 01:16
22.5,53,2022-11-02 01:59
22.3,53,2022-11-02 02:31
22.2,54,2022-11-02 03:14
22.1,54,2022-11-02 03:50
22.0,54,2022-11-02 04:10
21.9,54,2022-11-02 04:35
21.8,54,2022-11-02 05:12
21.7,54,2022-11-02 05:42
21.7,54,2022-11-02 06:10
21.6,54,2022-11-02 06:39
21.5,54,2022-11-02 07:12
21.5,54,2022-11-02 07:45
21.7,53,2022-11-02 08:12
22.0,53,2022-11-02 08:42
22.6,52,2022-11-02 10:04
23.0,52,2022-11-02 12:34
23.1,52,2022-11-02 13:55
23.2,52,2022-11-02 14:39
23.2,53,2022-11-02 15:18
23.3,54,2022-11-02 15:51
23.4,54,2022-11-02 16:12
23.4,55,2022-11-02 16:38
23.4,56,2022-11-02 17:14
23.5,55,2022-11-02 17:46
23.3,55,2022-11-02 18:11
23.1,57,2022-11-02 18:40
23.0,58,2022-11-02 19:12
23.2,58,2022-11-02 19:43
23.2,57,2022-11-02 20:10
23.3,57,2022-11-02 20:37
23.3,57,2022-11-02 21:23
23.3,56,2022-11-02 22:24
23.3,55,2022-11-02 23:06
23.0,55,2022-11-02 23:44
22.8,55,2022-11-03 00:11
22.6,55,2022-11-03 00:43
22.5,56,2022-11-03 01:16
22.3,56,2022-11-03 02:04
22.1,56,2022-11-03 02:53
22.1,56,2022-11-03 03:14
21.9,56,2022-11-03 03:45
21.9,56,2022-11-03 04:08
21.8,56,2022-11-03 04:33
21.7,56,2022-11-03 05:11
21.7,56,2022-11-03 05:38
21.6,56,2022-11-03 06:11
21.6,56,2022-11-03 06:38
21.5,56,2022-11-03 07:11
21.5,56,2022-11-03 07:38
21.6,56,2022-11-03 08:11
21.8,57,2022-11-03 08:42
22.6,57,2022-11-03 09:59
23.0,55,2022-11-03 12:04
23.1,56,2022-11-03 13:07
23.2,55,2022-11-03 14:00
23.2,55,2022-11-03 14:26
23.2,55,2022-11-03 14:40
23.3,54,2022-11-03 15:13
23.3,52,2022-11-03 15:46
23.3,51,2022-11-03 16:09
23.3,51,2022-11-03 16:35
23.3,51,2022-11-03 17:15
23.2,52,2022-11-03 17:46
23.2,52,2022-11-03 18:11
23.3,53,2022-11-03 18:38
23.3,51,2022-11-03 19:11
23.3,51,2022-11-03 19:47
23.3,51,2022-11-03 20:09
23.3,51,2022-11-03 20:34
23.3,51,2022-11-03 21:20
23.3,51,2022-11-03 22:10
23.0,51,2022-11-03 23:00
22.9,51,2022-11-03 23:25
22.8,51,2022-11-03 23:39
22.6,52,2022-11-04 00:15
22.5,53,2022-11-04 00:53
22.5,53,2022-11-04 01:17
22.2,53,2022-11-04 01:56
22.2,53,2022-11-04 02:17
22.2,52,2022-11-04 02:41
22.1,52,2022-11-04 03:16
22.0,51,2022-11-04 03:49
21.9,50,2022-11-04 04:08
21.8,50,2022-11-04 04:33
21.7,50,2022-11-04 05:09
21.7,50,2022-11-04 05:33
21.7,50,2022-11-04 06:09
21.6,50,2022-11-04 06:33
21.7,51,2022-11-04 07:09
21.9,50,2022-11-04 07:37
22.1,50,2022-11-04 08:12
22.2,50,2022-11-04 08:39
22.4,42,2022-11-04 10:01
22.6,38,2022-11-04 12:20
22.7,37,2022-11-04 13:13
22.7,38,2022-11-04 14:02
22.7,36,2022-11-04 14:41
22.6,35,2022-11-04 15:13
22.6,36,2022-11-04 15:46
22.7,39,2022-11-04 16:10
22.7,39,2022-11-04 16:35
22.6,39,2022-11-04 17:17
22.4,39,2022-11-04 17:47
22.4,39,2022-11-04 18:10
22.4,38,2022-11-04 18:37
22.5,38,2022-11-04 19:12
22.4,39,2022-11-04 19:40
22.4,39,2022-11-04 20:09
22.4,39,2022-11-04 20:35
22.4,38,2022-11-04 21:22
22.4,39,2022-11-04 22:12
22.4,40,2022-11-04 22:53
22.4,40,2022-11-04 23:09
22.4,40,2022-11-04 23:36
22.3,40,2022-11-05 00:11
22.1,40,2022-11-05 00:43
21.8,41,2022-11-05 01:14
21.6,42,2022-11-05 01:54
21.4,42,2022-11-05 02:15
21.4,42,2022-11-05 02:40
21.2,43,2022-11-05 03:13
21.1,43,2022-11-05 03:44
21.0,43,2022-11-05 04:08
20.9,43,2022-11-05 04:33
20.7,43,2022-11-05 05:11
20.6,43,2022-11-05 05:40
20.5,43,2022-11-05 06:09
20.5,43,2022-11-05 06:36
20.3,43,2022-11-05 07:10
20.3,43,2022-11-05 07:38
20.5,43,2022-11-05 08:12
20.7,42,2022-11-05 08:40
21.4,40,2022-11-05 09:59
21.6,38,2022-11-05 11:59
21.7,38,2022-11-05 12:48
21.8,38,2022-11-05 13:19
21.8,38,2022-11-05 13:48
21.8,38,2022-11-05 14:09
21.7,37,2022-11-05 14:36
21.5,37,2022-11-05 15:13
21.3,38,2022-11-05 15:43
21.4,38,2022-11-05 16:09
21.5,38,2022-11-05 16:35
21.6,37,2022-11-05 17:13
21.5,37,2022-11-05 17:41
21.5,40,2022-11-05 18:10
21.6,39,2022-11-05 18:37
21.6,39,2022-11-05 19:11
21.6,38,2022-11-05 19:40
21.7,39,2022-11-05 20:08
21.7,39,2022-11-05 20:33
21.6,39,2022-11-05 21:23
21.6,39,2022-11-05 21:59
21.6,40,2022-11-05 22:28
21.5,40,2022-11-05 22:44
21.5,41,2022-11-05 23:08
21.5,41,2022-11-05 23:35
21.4,41,2022-11-06 00:10
21.3,41,2022-11-06 00:38
21.2,41,2022-11-06 01:12
21.0,41,2022-11-06 01:49
20.8,41,2022-11-06 02:09
20.7,41,2022-11-06 02:36
20.5,42,2022-11-06 03:12
20.4,42,2022-11-06 03:41
20.2,42,2022-11-06 04:08
20.2,43,2022-11-06 04:33
20.1,43,2022-11-06 05:13
20.0,43,2022-11-06 05:39
20.0,43,2022-11-06 06:09
19.9,44,2022-11-06 06:35
19.8,44,2022-11-06 07:09
19.8,44,2022-11-06 07:37
19.9,44,2022-11-06 08:10
20.1,44,2022-11-06 08:38
20.6,44,2022-11-06 09:58
21.2,40,2022-11-06 12:01
21.6,40,2022-11-06 13:01
21.7,41,2022-11-06 13:48
21.8,41,2022-11-06 14:09
21.8,40,2022-11-06 14:35
21.9,40,2022-11-06 15:12
21.9,39,2022-11-06 15:43
21.9,39,2022-11-06 16:09
21.9,39,2022-11-06 16:34
21.9,40,2022-11-06 17:13
21.7,42,2022-11-06 17:41
21.8,42,2022-11-06 18:13
21.8,43,2022-11-06 18:37
21.8,42,2022-11-06 19:11
21.9,43,2022-11-06 19:39
21.9,43,2022-11-06 20:08
21.8,42,2022-11-06 20:33
21.8,42,2022-11-06 21:18
21.6,42,2022-11-06 22:00
21.3,43,2022-11-06 22:32
21.2,44,2022-11-06 23:09
21.0,44,2022-11-06 23:36
20.9,45,2022-11-07 00:12
20.7,45,2022-11-07 00:39
20.7,45,2022-11-07 01:14
20.6,45,2022-11-07 01:50
20.5,45,2022-11-07 02:10
20.4,45,2022-11-07 02:37
20.3,45,2022-11-07 03:12
20.3,46,2022-11-07 03:42
20.2,46,2022-11-07 04:08
20.2,46,2022-11-07 04:33
20.1,46,2022-11-07 05:11
20.1,46,2022-11-07 05:37
20.1,46,2022-11-07 06:09
20.0,47,2022-11-07 06:35
19.9,47,2022-11-07 07:10
19.9,47,2022-11-07 07:39
19.9,47,2022-11-07 08:10
20.2,48,2022-11-07 08:40
20.9,47,2022-11-07 09:56
21.3,48,2022-11-07 11:57
21.5,48,2022-11-07 12:58
21.6,49,2022-11-07 13:41
21.7,48,2022-11-07 14:21
21.7,48,2022-11-07 14:44
21.8,47,2022-11-07 15:14
21.7,47,2022-11-07 15:45
21.7,46,2022-11-07 16:10
21.7,45,2022-11-07 16:36
21.7,45,2022-11-07 17:15
21.7,45,2022-11-07 17:47
21.6,46,2022-11-07 18:11
21.7,48,2022-11-07 18:39
21.7,47,2022-11-07 19:12
21.7,46,2022-11-07 19:44
21.7,47,2022-11-07 20:09
21.6,47,2022-11-07 20:35
21.2,47,2022-11-07 21:23
21.1,47,2022-11-07 22:11
20.9,48,2022-11-07 23:01
20.7,48,2022-11-07 23:39
20.6,48,2022-11-08 00:11
20.5,49,2022-11-08 00:40
20.4,49,2022-11-08 01:14
20.3,49,2022-11-08 01:54
20.2,49,2022-11-08 02:20
20.2,49,2022-11-08 02:46
20.2,49,2022-11-08 03:13
20.1,49,2022-11-08 03:43
20.0,49,2022-11-08 04:08
20.0,49,2022-11-08 04:33
19.9,49,2022-11-08 05:12
19.8,49,2022-11-08 05:39
22.2,46,2022-11-08 06:10
23.1,44,2022-11-08 06:38
23.8,42,2022-11-08 07:10
24.2,41,2022-11-08 07:40
24.6,40,2022-11-08 08:12
24.7,40,2022-11-08 08:41
24.9,40,2022-11-08 09:56
22.5,42,2022-11-08 11:57
22.2,43,2022-11-08 12:57
21.9,44,2022-11-08 13:40
21.8,43,2022-11-08 14:20
21.7,44,2022-11-08 14:42
21.7,44,2022-11-08 15:13
21.6,44,2022-11-08 15:47
21.6,44,2022-11-08 16:10
21.5,45,2022-11-08 16:35
21.4,45,2022-11-08 17:15
21.3,44,2022-11-08 17:46
21.2,45,2022-11-08 18:11
21.2,44,2022-11-08 18:38
21.1,45,2022-11-08 19:12
21.0,46,2022-11-08 19:44
21.1,47,2022-11-08 20:09
21.2,47,2022-11-08 20:35
21.3,48,2022-11-08 21:24
21.5,48,2022-11-08 22:11
21.4,47,2022-11-08 22:58
21.2,47,2022-11-08 23:21
21.2,47,2022-11-08 23:41
21.0,48,2022-11-09 00:11
20.9,48,2022-11-09 00:41
20.8,48,2022-11-09 01:14
20.6,48,2022-11-09 02:01
20.5,48,2022-11-09 02:43
20.4,48,2022-11-09 03:13
20.3,48,2022-11-09 03:54
20.2,48,2022-11-09 04:17
22.1,47,2022-11-09 04:39
23.7,43,2022-11-09 05:13
24.4,41,2022-11-09 05:40
24.8,40,2022-11-09 06:10
24.8,39,2022-11-09 06:37
24.9,39,2022-11-09 07:10
25.0,39,2022-11-09 07:40
25.1,38,2022-11-09 08:11
25.2,38,2022-11-09 08:42
23.5,38,2022-11-09 09:57
22.9,38,2022-11-09 12:06
22.8,38,2022-11-09 13:24
22.8,40,2022-11-09 14:05
22.8,41,2022-11-09 14:45
22.8,41,2022-11-09 15:18
22.8,41,2022-11-09 15:52
22.7,41,2022-11-09 16:12
22.5,41,2022-11-09 16:36
22.3,42,2022-11-09 17:15
22.2,43,2022-11-09 17:45
22.1,43,2022-11-09 18:10
21.9,43,2022-11-09 18:38
22.2,44,2022-11-09 19:11
22.3,46,2022-11-09 19:41
22.2,48,2022-11-09 20:10
22.2,47,2022-11-09 20:35
22.2,46,2022-11-09 21:25
22.2,46,2022-11-09 22:15
22.2,45,2022-11-09 23:00
22.2,44,2022-11-09 23:25
22.0,44,2022-11-09 23:41
21.7,45,2022-11-10 00:11
21.5,45,2022-11-10 00:42
21.4,45,2022-11-10 01:15
21.2,45,2022-11-10 01:56
21.2,45,2022-11-10 02:17
21.1,45,2022-11-10 02:41
21.0,45,2022-11-10 03:13
20.9,45,2022-11-10 03:44
20.8,45,2022-11-10 04:08
20.7,45,2022-11-10 04:33
20.6,45,2022-11-10 05:12
20.6,44,2022-11-10 05:39
20.5,44,2022-11-10 06:11
20.4,45,2022-11-10 06:38
20.4,45,2022-11-10 07:10
20.4,45,2022-11-10 07:39
20.5,45,2022-11-10 08:11
20.7,45,2022-11-10 08:41
21.4,46,2022-11-10 09:58
21.9,49,2022-11-10 12:01
22.2,46,2022-11-10 13:08
22.4,46,2022-11-10 14:02
22.5,47,2022-11-10 14:42
22.6,48,2022-11-10 15:14
22.6,48,2022-11-10 15:45
22.6,49,2022-11-10 16:09
22.6,50,2022-11-10 16:36
22.6,51,2022-11-10 17:14
22.6,54,2022-11-10 17:50
22.7,56,2022-11-10 18:12
22.8,55,2022-11-10 18:39
22.8,53,2022-11-10 19:11
22.8,53,2022-11-10 19:41
22.8,52,2022-11-10 20:10
22.8,52,2022-11-10 20:36
22.7,53,2022-11-10 21:25
22.6,53,2022-11-10 22:15
22.6,53,2022-11-10 23:04
22.3,53,2022-11-10 23:50
22.2,54,2022-11-11 00:10
22.2,55,2022-11-11 00:40
22.1,55,2022-11-11 01:14
21.9,56,2022-11-11 01:53
21.9,56,2022-11-11 02:15
21.8,56,2022-11-11 02:41
21.7,56,2022-11-11 03:13
21.7,56,2022-11-11 03:44
21.6,56,2022-11-11 04:09
21.6,56,2022-11-11 04:33
21.5,56,2022-11-11 05:12
21.4,56,2022-11-11 05:39
21.4,56,2022-11-11 06:11
21.3,55,2022-11-11 06:37
21.2,55,2022-11-11 07:10
21.2,55,2022-11-11 07:39
21.5,55,2022-11-11 08:11
21.7,54,2022-11-11 08:39
22.3,53,2022-11-11 10:00
22.7,52,2022-11-11 12:04
22.9,51,2022-11-11 13:07
23.0,52,2022-11-11 13:59
23.1,53,2022-11-11 14:23
23.1,53,2022-11-11 14:40
23.1,54,2022-11-11 15:14
23.2,56,2022-11-11 15:51
23.2,56,2022-11-11 16:11
23.2,57,2022-11-11 16:36
23.2,59,2022-11-11 17:15
23.2,59,2022-11-11 17:46
23.3,60,2022-11-11 18:11
23.3,60,2022-11-11 18:38
23.3,60,2022-11-11 19:12
23.2,59,2022-11-11 19:44
23.0,60,2022-11-11 20:10
22.9,60,2022-11-11 20:36
22.7,59,2022-11-11 21:23
22.6,60,2022-11-11 22:12
22.4,59,2022-11-11 22:57
22.4,59,2022-11-11 23:15
22.4,59,2022-11-11 23:37
22.6,58,2022-11-12 00:12
22.6,58,2022-11-12 00:41
22.6,59,2022-11-12 01:14
22.7,59,2022-11-12 01:53
22.7,59,2022-11-12 02:14
22.7,59,2022-11-12 02:40
22.8,59,2022-11-12 03:13
22.8,59,2022-11-12 03:46
22.8,58,2022-11-12 04:09
22.8,58,2022-11-12 04:33
22.8,57,2022-11-12 05:11
22.8,57,2022-11-12 05:39
22.8,57,2022-11-12 06:10
22.7,57,2022-11-12 06:37
22.7,57,2022-11-12 07:10
22.7,56,2022-11-12 07:40
22.6,56,2022-11-12 08:11
22.5,55,2022-11-12 08:39
22.4,52,2022-11-12 09:57
22.7,52,2022-11-12 11:53
22.9,52,2022-11-12 12:49
23.2,53,2022-11-12 13:22
23.3,55,2022-11-12 13:51
23.4,55,2022-11-12 14:11
23.6,56,2022-11-12 14:37
23.6,57,2022-11-12 15:13
23.7,55,2022-11-12 15:44
23.8,55,2022-11-12 16:10
23.8,54,2022-11-12 16:35
23.9,55,2022-11-12 17:13
24.0,55,2022-11-12 17:42
24.0,55,2022-11-12 18:11
24.0,55,2022-11-12 18:37
24.2,54,2022-11-12 19:10
24.2,53,2022-11-12 19:39
24.2,53,2022-11-12 20:09
24.2,54,2022-11-12 20:34
24.2,55,2022-11-12 21:17
24.2,57,2022-11-12 22:00
24.2,58,2022-11-12 22:31
24.3,58,2022-11-12 23:09
24.3,59,2022-11-12 23:36
24.1,59,2022-11-13 00:10
24.0,60,2022-11-13 00:39
23.8,61,2022-11-13 01:13
23.7,60,2022-11-13 01:50
23.7,60,2022-11-13 02:11
23.6,61,2022-11-13 02:37
23.5,63,2022-11-13 03:12
23.4,63,2022-11-13 03:42
23.3,63,2022-11-13 04:08
23.3,63,2022-11-13 04:34
23.2,64,2022-11-13 05:10
23.1,65,2022-11-13 05:37
23.1,66,2022-11-13 06:09
23.1,66,2022-11-13 06:35
23.1,67,2022-11-13 07:09
23.0,67,2022-11-13 07:38
23.1,68,2022-11-13 08:10
23.1,68,2022-11-13 08:38
23.5,70,2022-11-13 09:55
24.0,70,2022-11-13 11:55
24.2,68,2022-11-13 12:51
24.3,66,2022-11-13 13:24
24.3,65,2022-11-13 13:53
24.3,63,2022-11-13 14:12
24.3,62,2022-11-13 14:37
24.3,61,2022-11-13 15:12
24.2,57,2022-11-13 15:43
24.1,57,2022-11-13 16:09
24.1,56,2022-11-13 16:36
24.0,55,2022-11-13 17:13
24.0,55,2022-11-13 17:42
24.0,55,2022-11-13 18:10
23.9,55,2022-11-13 18:37
23.8,57,2022-11-13 19:10
23.8,59,2022-11-13 19:40
23.7,59,2022-11-13 20:08
23.7,58,2022-11-13 20:34
23.5,57,2022-11-13 21:19
23.5,55,2022-11-13 22:01
23.4,53,2022-11-13 22:44
23.4,53,2022-11-13 23:09
23.4,52,2022-11-13 23:36
23.3,51,2022-11-14 00:10
23.1,51,2022-11-14 00:39
23.0,51,2022-11-14 01:13
22.9,51,2022-11-14 01:50
22.7,50,2022-11-14 02:11
22.7,51,2022-11-14 02:38
22.6,50,2022-11-14 03:12
22.4,50,2022-11-14 03:42
22.4,50,2022-11-14 04:08
22.3,50,2022-11-14 04:33
22.2,49,2022-11-14 05:10
22.2,48,2022-11-14 05:38
22.2,47,2022-11-14 06:09
22.1,47,2022-11-14 06:36
22.0,46,2022-11-14 07:10
22.0,46,2022-11-14 07:39
22.1,46,2022-11-14 08:10
22.2,45,2022-11-14 08:39
22.5,43,2022-11-14 09:54
22.7,42,2022-11-14 11:54
22.9,42,2022-11-14 12:53
22.9,43,2022-11-14 13:30
23.0,42,2022-11-14 14:02
23.0,42,2022-11-14 14:43
23.0,42,2022-11-14 15:14
23.1,42,2022-11-14 15:46
23.1,42,2022-11-14 16:10
23.0,42,2022-11-14 16:36
22.9,41,2022-11-14 17:14
22.9,41,2022-11-14 17:46
23.0,41,2022-11-14 18:11
22.9,41,2022-11-14 18:39
22.9,41,2022-11-14 19:12
22.9,41,2022-11-14 19:43
22.9,41,2022-11-14 20:10
23.0,42,2022-11-14 20:35
22.8,43,2022-11-14 21:23
22.9,43,2022-11-14 22:22
22.9,44,2022-11-14 23:02
22.9,44,2022-11-14 23:40
22.8,43,2022-11-15 00:12
22.6,44,2022-11-15 00:41
22.4,44,2022-11-15 01:14
22.2,44,2022-11-15 01:59
22.2,44,2022-11-15 02:31
21.9,44,2022-11-15 03:13
21.9,45,2022-11-15 03:44
21.8,45,2022-11-15 04:08
21.7,45,2022-11-15 04:33
21.6,45,2022-11-15 05:11
21.5,46,2022-11-15 05:39
21.4,47,2022-11-15 06:10
21.4,47,2022-11-15 06:37
21.4,48,2022-11-15 07:12
21.4,49,2022-11-15 07:42
21.6,49,2022-11-15 08:10
21.9,47,2022-11-15 08:37
22.2,43,2022-11-15 09:55
22.4,42,2022-11-15 11:47
22.5,43,2022-11-15 12:41
22.5,43,2022-11-15 13:15
22.5,43,2022-11-15 13:46
22.5,43,2022-11-15 14:09
22.5,42,2022-11-15 14:35
22.5,42,2022-11-15 15:13
22.4,42,2022-11-15 15:42
22.4,41,2022-11-15 16:10
22.4,41,2022-11-15 16:34
22.2,40,2022-11-15 17:14
22.3,40,2022-11-15 17:44
22.2,40,2022-11-15 18:10
22.3,39,2022-11-15 18:37
22.3,37,2022-11-15 19:11
22.2,37,2022-11-15 19:39
22.2,37,2022-11-15 20:08
22.2,37,2022-11-15 20:33
22.2,38,2022-11-15 21:23
22.2,38,2022-11-15 22:14
22.2,38,2022-11-15 22:48
22.2,39,2022-11-15 23:09
22.2,38,2022-11-15 23:36
22.1,38,2022-11-16 00:10
22.0,38,2022-11-16 00:39
21.5,38,2022-11-16 01:13
21.2,39,2022-11-16 01:51
21.1,39,2022-11-16 02:12
20.9,39,2022-11-16 02:37
20.7,40,2022-11-16 03:12
20.6,40,2022-11-16 03:42
20.5,40,2022-11-16 04:08
20.4,40,2022-11-16 04:34
20.2,41,2022-11-16 05:10
20.2,41,2022-11-16 05:37
20.1,41,2022-11-16 06:09
20.0,41,2022-11-16 06:35
19.8,42,2022-11-16 07:09
19.8,42,2022-11-16 07:37
19.8,42,2022-11-16 08:10
19.9,41,2022-11-16 08:37
20.6,42,2022-11-16 09:55
21.2,40,2022-11-16 11:48
21.4,41,2022-11-16 12:43
21.6,41,2022-11-16 13:16
21.7,41,2022-11-16 13:47
21.8,41,2022-11-16 14:09
21.8,40,2022-11-16 14:36
21.8,39,2022-11-16 15:13
21.9,39,2022-11-16 15:43
21.9,40,2022-11-16 16:09
21.9,38,2022-11-16 16:34
21.9,37,2022-11-16 17:14
21.7,37,2022-11-16 17:44
21.5,37,2022-11-16 18:10
21.4,38,2022-11-16 18:37
21.2,38,2022-11-16 19:11
21.1,38,2022-11-16 19:39
21.1,39,2022-11-16 20:09
20.9,39,2022-11-16 20:33
20.8,39,2022-11-16 21:19
20.7,42,2022-11-16 22:06
20.8,42,2022-11-16 22:51
20.8,42,2022-11-16 23:09
20.8,42,2022-11-16 23:36
20.6,42,2022-11-17 00:10
20.5,42,2022-11-17 00:39
20.4,42,2022-11-17 01:13
20.3,43,2022-11-17 01:48
20.2,43,2022-11-17 02:10
20.2,43,2022-11-17 02:36
20.1,43,2022-11-17 03:12
20.0,43,2022-11-17 03:42
20.0,44,2022-11-17 04:08
19.9,44,2022-11-17 04:33
19.9,44,2022-11-17 05:10
19.8,44,2022-11-17 05:37
19.7,44,2022-11-17 06:09
19.7,44,2022-11-17 06:35
19.7,44,2022-11-17 07:09
19.9,44,2022-11-17 07:37
20.1,43,2022-11-17 08:10
20.2,43,2022-11-17 08:37
20.4,42,2022-11-17 09:54
20.8,42,2022-11-17 11:44
21.0,42,2022-11-17 12:38
21.2,41,2022-11-17 13:13
21.2,41,2022-11-17 13:43
21.3,41,2022-11-17 14:10
21.4,41,2022-11-17 14:36
21.5,41,2022-11-17 15:13
21.5,41,2022-11-17 15:43
21.5,41,2022-11-17 16:09
21.5,42,2022-11-17 16:33
21.6,42,2022-11-17 17:14
21.7,42,2022-11-17 17:44
21.6,44,2022-11-17 18:10
21.6,45,2022-11-17 18:36
21.7,46,2022-11-17 19:10
21.7,46,2022-11-17 19:39
21.6,45,2022-11-17 20:08
21.6,45,2022-11-17 20:33
21.6,46,2022-11-17 21:20
21.5,45,2022-11-17 22:06
21.2,46,2022-11-17 22:49
21.0,46,2022-11-17 23:09
20.9,47,2022-11-17 23:36
20.8,47,2022-11-18 00:10
20.7,47,2022-11-18 00:39
20.6,47,2022-11-18 01:13
20.5,47,2022-11-18 01:52
20.4,47,2022-11-18 02:12
20.4,47,2022-11-18 02:37
20.3,47,2022-11-18 03:12
20.2,47,2022-11-18 03:41
20.2,47,2022-11-18 04:08
20.1,47,2022-11-18 04:33
20.0,47,2022-11-18 05:11
20.0,47,2022-11-18 05:37
19.9,47,2022-11-18 06:09
19.9,47,2022-11-18 06:35
19.9,47,2022-11-18 07:10
20.0,48,2022-11-18 07:39
20.2,48,2022-11-18 08:10
20.5,49,2022-11-18 08:37
21.0,50,2022-11-18 09:58
21.3,51,2022-11-18 11:51
21.4,50,2022-11-18 12:38
21.6,49,2022-11-18 13:14
21.6,48,2022-11-18 13:44
21.7,48,2022-11-18 14:09
21.7,48,2022-11-18 14:36
21.8,47,2022-11-18 15:13
21.8,47,2022-11-18 15:43
21.8,47,2022-11-18 16:09
21.8,48,2022-11-18 16:34
21.8,50,2022-11-18 17:13
21.9,51,2022-11-18 17:41
21.8,52,2022-11-18 18:10
21.9,52,2022-11-18 18:36
21.9,52,2022-11-18 19:11
21.9,52,2022-11-18 19:39
21.9,51,2022-11-18 20:08
21.9,49,2022-11-18 20:33
21.9,48,2022-11-18 21:18
21.9,47,2022-11-18 22:00
21.8,47,2022-11-18 22:48
21.8,46,2022-11-18 23:10
21.8,45,2022-11-18 23:37
21.7,43,2022-11-19 00:10
21.5,42,2022-11-19 00:38
21.4,43,2022-11-19 01:13
21.3,44,2022-11-19 01:49
21.3,45,2022-11-19 02:10
21.2,45,2022-11-19 02:37
21.2,47,2022-11-19 03:12
21.2,47,2022-11-19 03:43
21.2,47,2022-11-19 04:08
21.1,47,2022-11-19 04:33
21.1,48,2022-11-19 05:10
21.1,49,2022-11-19 05:36
21.0,49,2022-11-19 06:09
21.0,50,2022-11-19 06:34
20.9,50,2022-11-19 07:09
20.9,51,2022-11-19 07:38
20.9,52,2022-11-19 08:10
20.9,52,2022-11-19 08:36
21.0,53,2022-11-19 09:56
21.6,54,2022-11-19 11:41
21.7,54,2022-11-19 12:36
21.7,55,2022-11-19 13:12
21.9,55,2022-11-19 13:42
21.9,55,2022-11-19 14:09
22.0,55,2022-11-19 14:35
22.1,55,2022-11-19 15:12
22.2,54,2022-11-19 15:41
22.2,54,2022-11-19 16:08
22.2,54,2022-11-19 16:33
22.2,53,2022-11-19 17:12
22.2,54,2022-11-19 17:41
22.2,53,2022-11-19 18:09
22.2,52,2022-11-19 18:35
22.2,52,2022-11-19 19:10
22.2,51,2022-11-19 19:38
22.2,53,2022-11-19 20:07
22.2,53,2022-11-19 20:33
22.2,52,2022-11-19 21:17
22.2,52,2022-11-19 21:57
22.1,52,2022-11-19 22:23
22.1,52,2022-11-19 22:40
22.1,52,2022-11-19 23:08
22.0,51,2022-11-19 23:35
21.8,52,2022-11-20 00:09
21.7,52,2022-11-20 00:37
21.5,52,2022-11-20 01:12
21.4,52,2022-11-20 01:48
21.3,52,2022-11-20 02:08
21.2,52,2022-11-20 02:35
21.2,52,2022-11-20 03:12
21.1,53,2022-11-20 03:40
21.1,53,2022-11-20 04:08
21.0,53,2022-11-20 04:34
20.9,53,2022-11-20 05:09
20.8,53,2022-11-20 05:36
20.7,53,2022-11-20 06:08
20.7,53,2022-11-20 06:34
20.6,53,2022-11-20 07:09
20.5,53,2022-11-20 07:36
20.6,53,2022-11-20 08:09
20.7,54,2022-11-20 08:36
21.3,53,2022-11-20 09:58
21.8,52,2022-11-20 11:53
22.0,52,2022-11-20 12:41
22.1,52,2022-11-20 13:15
22.1,51,2022-11-20 13:44
22.2,51,2022-11-20 14:09
22.2,51,2022-11-20 14:35
22.2,50,2022-11-20 15:12
22.2,50,2022-11-20 15:41
22.2,50,2022-11-20 16:08
22.2,51,2022-11-20 16:33
22.2,52,2022-11-20 17:12
21.9,50,2022-11-20 17:40
21.8,52,2022-11-20 18:09
21.7,54,2022-11-20 18:35
21.9,54,2022-11-20 19:10
22.0,55,2022-11-20 19:38
22.1,56,2022-11-20 20:07
22.1,56,2022-11-20 20:33
22.1,57,2022-11-20 21:17
22.2,57,2022-11-20 21:58
22.2,56,2022-11-20 22:25
22.2,56,2022-11-20 22:41
22.2,56,2022-11-20 23:08
22.0,57,2022-11-20 23:35
21.7,57,2022-11-21 00:09
21.7,57,2022-11-21 00:37
21.5,58,2022-11-21 01:12
21.4,58,2022-11-21 01:48
21.4,58,2022-11-21 02:08
21.3,59,2022-11-21 02:35
21.2,59,2022-11-21 03:11
21.2,59,2022-11-21 03:40
21.1,59,2022-11-21 04:07
21.0,58,2022-11-21 04:33
20.9,58,2022-11-21 05:10
20.8,58,2022-11-21 05:36
20.7,58,2022-11-21 06:08
20.6,58,2022-11-21 06:34
20.6,58,2022-11-21 07:09
20.6,58,2022-11-21 07:36
20.8,57,2022-11-21 08:10
21.0,57,2022-11-21 08:37
21.5,57,2022-11-21 09:55
21.9,55,2022-11-21 11:47
22.2,54,2022-11-21 12:44
22.2,54,2022-11-21 13:18
22.2,53,2022-11-21 13:46
22.3,52,2022-11-21 14:10
22.3,51,2022-11-21 14:36
22.4,50,2022-11-21 15:13
22.4,50,2022-11-21 15:44
22.4,49,2022-11-21 16:10
22.4,49,2022-11-21 16:34
22.3,50,2022-11-21 17:14
22.3,51,2022-11-21 17:42
22.3,52,2022-11-21 18:11
22.5,54,2022-11-21 18:37
22.5,54,2022-11-21 19:11
22.5,54,2022-11-21 19:40
22.5,54,2022-11-21 20:09
22.4,54,2022-11-21 20:33
22.4,53,2022-11-21 21:19
22.3,53,2022-11-21 22:08
22.0,54,2022-11-21 22:54
21.8,54,2022-11-21 23:09
21.7,54,2022-11-21 23:36
21.5,54,2022-11-22 00:10
21.4,54,2022-11-22 00:39
21.2,54,2022-11-22 01:13
21.2,54,2022-11-22 01:52
21.1,54,2022-11-22 02:12
21.1,54,2022-11-22 02:38
21.0,54,2022-11-22 03:12
20.9,54,2022-11-22 03:42
20.9,54,2022-11-22 04:08
20.8,53,2022-11-22 04:33
20.8,54,2022-11-22 05:10
20.7,53,2022-11-22 05:36
20.7,53,2022-11-22 06:09
20.6,53,2022-11-22 06:36
20.6,53,2022-11-22 07:09
20.5,54,2022-11-22 07:37
20.7,53,2022-11-22 08:10
20.8,53,2022-11-22 08:38
21.3,53,2022-11-22 09:56
21.7,52,2022-11-22 11:46
21.9,49,2022-11-22 12:35
22.0,48,2022-11-22 13:12
22.1,48,2022-11-22 13:43
22.1,48,2022-11-22 14:09
22.2,48,2022-11-22 14:36
22.2,49,2022-11-22 15:13
22.2,49,2022-11-22 15:43
22.3,49,2022-11-22 16:10
22.4,49,2022-11-22 16:35
22.4,50,2022-11-22 17:14
22.3,51,2022-11-22 17:45
22.2,52,2022-11-22 18:10
22.2,54,2022-11-22 18:37
22.4,54,2022-11-22 19:11
22.4,53,2022-11-22 19:40
22.4,54,2022-11-22 20:08
22.3,54,2022-11-22 20:33
22.4,53,2022-11-22 21:20
22.4,53,2022-11-22 22:03
22.3,53,2022-11-22 22:45
22.3,54,2022-11-22 23:09
22.1,55,2022-11-22 23:37
21.9,57,2022-11-23 00:10
21.7,58,2022-11-23 00:39
21.6,59,2022-11-23 01:13
21.5,60,2022-11-23 01:51
21.5,61,2022-11-23 02:11
21.4,61,2022-11-23 02:38
21.3,61,2022-11-23 03:12
21.2,61,2022-11-23 03:42
21.2,62,2022-11-23 04:08
21.2,62,2022-11-23 04:33
21.2,62,2022-11-23 05:10
21.1,63,2022-11-23 05:35
21.1,63,2022-11-23 06:08
21.1,63,2022-11-23 06:33
21.3,63,2022-11-23 07:09
21.5,63,2022-11-23 07:37
21.6,63,2022-11-23 08:09
21.6,63,2022-11-23 08:35
21.3,65,2022-11-23 09:48
21.1,67,2022-11-23 11:36
21.1,65,2022-11-23 12:28
21.1,64,2022-11-23 12:48
21.1,64,2022-11-23 13:12
21.1,64,2022-11-23 13:42
21.1,62,2022-11-23 14:09
21.0,62,2022-11-23 14:34
21.0,61,2022-11-23 15:12
21.0,61,2022-11-23 15:40
21.0,61,2022-11-23 16:09
21.0,60,2022-11-23 16:33
21.0,60,2022-11-23 17:12
21.0,61,2022-11-23 17:40
20.9,59,2022-11-23 18:09
20.9,58,2022-11-23 18:35
20.8,55,2022-11-23 19:10
20.8,55,2022-11-23 19:38
20.8,55,2022-11-23 20:08
20.7,55,2022-11-23 20:33
20.7,57,2022-11-23 21:18
20.7,57,2022-11-23 22:01
20.6,57,2022-11-23 22:44
20.6,57,2022-11-23 23:09
20.6,57,2022-11-23 23:35
20.6,57,2022-11-24 00:09
20.5,58,2022-11-24 00:37
20.5,58,2022-11-24 01:12
20.4,58,2022-11-24 01:47
20.4,58,2022-11-24 02:08
20.4,58,2022-11-24 02:34
20.4,58,2022-11-24 03:11
20.3,58,2022-11-24 03:39
20.2,57,2022-11-24 04:07
20.2,57,2022-11-24 04:33
20.1,58,2022-11-24 05:10
20.1,58,2022-11-24 05:35
20.1,58,2022-11-24 06:08
20.1,58,2022-11-24 06:33
20.0,58,2022-11-24 07:09
20.0,58,2022-11-24 07:35
20.0,58,2022-11-24 08:09
20.1,58,2022-11-24 08:35
20.3,57,2022-11-24 09:54
20.6,53,2022-11-24 11:24
20.6,52,2022-11-24 12:06
20.6,51,2022-11-24 12:43
20.6,51,2022-11-24 13:12
20.7,49,2022-11-24 13:41
20.7,49,2022-11-24 14:09
20.7,49,2022-11-24 14:34
20.7,48,2022-11-24 15:12
20.7,48,2022-11-24 15:40
20.7,48,2022-11-24 16:09
20.6,48,2022-11-24 16:33
20.6,48,2022-11-24 17:13
20.6,48,2022-11-24 17:40
20.5,49,2022-11-24 18:09
20.5,49,2022-11-24 18:34
20.4,50,2022-11-24 19:10
20.4,51,2022-11-24 19:37
20.3,51,2022-11-24 20:08
20.3,51,2022-11-24 20:33
20.2,51,2022-11-24 21:19
20.2,52,2022-11-24 22:00
20.1,52,2022-11-24 22:42
20.1,53,2022-11-24 23:08
20.0,53,2022-11-24 23:34
20.0,53,2022-11-25 00:09
19.9,52,2022-11-25 00:36
19.8,52,2022-11-25 01:12
19.7,52,2022-11-25 01:46
19.7,51,2022-11-25 02:08
19.7,51,2022-11-25 02:34
19.6,51,2022-11-25 03:12
19.5,51,2022-11-25 03:40
19.5,51,2022-11-25 04:08
19.4,51,2022-11-25 04:33
19.4,51,2022-11-25 05:10
19.3,51,2022-11-25 05:34
19.2,51,2022-11-25 06:08
19.1,51,2022-11-25 06:33
19.1,51,2022-11-25 07:08
19.1,51,2022-11-25 07:35
19.2,51,2022-11-25 08:10
19.2,51,2022-11-25 08:36
19.4,51,2022-11-25 09:50
19.6,48,2022-11-25 11:26
19.7,45,2022-11-25 12:22
19.7,44,2022-11-25 12:47
19.8,43,2022-11-25 13:11
19.9,40,2022-11-25 13:41
20.0,38,2022-11-25 14:09
20.1,38,2022-11-25 14:34
20.2,41,2022-11-25 15:12
20.2,43,2022-11-25 15:41
20.2,44,2022-11-25 16:08
20.2,44,2022-11-25 16:33
20.2,44,2022-11-25 17:12
20.2,44,2022-11-25 17:39
20.2,43,2022-11-25 18:09
20.1,42,2022-11-25 18:35
20.1,42,2022-11-25 19:10
20.1,42,2022-11-25 19:37
20.1,43,2022-11-25 20:08
20.0,43,2022-11-25 20:33
20.0,44,2022-11-25 21:18
19.9,44,2022-11-25 21:57
19.9,43,2022-11-25 22:23
19.8,43,2022-11-25 22:39
19.8,43,2022-11-25 23:08
19.8,42,2022-11-25 23:34
19.7,43,2022-11-26 00:09
19.7,43,2022-11-26 00:36
19.7,43,2022-11-26 01:12
19.7,44,2022-11-26 01:47
19.7,44,2022-11-26 02:08
19.7,44,2022-11-26 02:34
19.7,45,2022-11-26 03:12
19.8,45,2022-11-26 03:39
19.8,45,2022-11-26 04:07
19.7,45,2022-11-26 04:33
19.7,46,2022-11-26 05:09
19.7,46,2022-11-26 05:34
19.7,47,2022-11-26 06:08
19.7,47,2022-11-26 06:33
19.8,47,2022-11-26 07:08
19.7,47,2022-11-26 07:35
19.7,47,2022-11-26 08:09
19.7,48,2022-11-26 08:34
20.0,49,2022-11-26 09:44
20.3,53,2022-11-26 11:19
20.4,55,2022-11-26 12:02
20.4,58,2022-11-26 12:40
20.5,59,2022-11-26 13:11
20.6,59,2022-11-26 13:40
20.6,58,2022-11-26 14:08
20.6,56,2022-11-26 14:33
20.6,54,2022-11-26 15:11
20.6,52,2022-11-26 15:39
20.6,51,2022-11-26 16:08
20.6,48,2022-11-26 16:33
20.5,47,2022-11-26 17:11
20.5,48,2022-11-26 17:38
20.5,49,2022-11-26 18:08
20.4,50,2022-11-26 18:33
20.4,50,2022-11-26 19:09
20.4,50,2022-11-26 19:35
20.3,50,2022-11-26 20:07
20.3,50,2022-11-26 20:33
20.2,51,2022-11-26 21:15
20.2,51,2022-11-26 21:53
20.4,52,2022-11-26 22:16
20.5,52,2022-11-26 22:36
20.8,52,2022-11-26 23:07
20.9,52,2022-11-26 23:33
20.9,52,2022-11-27 00:09
20.7,53,2022-11-27 00:35
20.6,53,2022-11-27 01:11
20.4,53,2022-11-27 01:45
20.4,53,2022-11-27 02:07
20.3,53,2022-11-27 02:33
20.2,53,2022-11-27 03:10
20.1,53,2022-11-27 03:37
20.0,53,2022-11-27 04:07
20.0,53,2022-11-27 04:33
19.9,53,2022-11-27 05:09
19.8,53,2022-11-27 05:34
19.8,53,2022-11-27 06:08
19.7,53,2022-11-27 06:33
19.6,52,2022-11-27 07:09
19.6,52,2022-11-27 07:34
19.5,52,2022-11-27 08:09
19.6,51,2022-11-27 08:34
20.1,51,2022-11-27 09:53
20.8,49,2022-11-27 11:36
21.2,49,2022-11-27 12:35
21.3,49,2022-11-27 13:10
21.4,49,2022-11-27 13:40
21.6,49,2022-11-27 14:08
21.7,49,2022-11-27 14:33
21.7,49,2022-11-27 15:11
21.7,48,2022-11-27 15:39
21.8,48,2022-11-27 16:08
21.7,48,2022-11-27 16:33
21.7,48,2022-11-27 17:11
21.7,49,2022-11-27 17:38
21.7,48,2022-11-27 18:08
21.7,48,2022-11-27 18:33
21.7,47,2022-11-27 19:09
21.7,49,2022-11-27 19:36
21.7,49,2022-11-27 20:07
21.7,49,2022-11-27 20:33
21.6,49,2022-11-27 21:16
21.6,48,2022-11-27 21:53
21.6,47,2022-11-27 22:16
21.6,47,2022-11-27 22:36
21.6,46,2022-11-27 23:07
21.6,46,2022-11-27 23:33
21.5,44,2022-11-28 00:08
21.3,44,2022-11-28 00:35
21.0,45,2022-11-28 01:11
20.9,45,2022-11-28 01:45
20.8,45,2022-11-28 02:08
20.7,46,2022-11-28 02:33
20.6,46,2022-11-28 03:10
20.5,47,2022-11-28 03:37
20.4,47,2022-11-28 04:07
20.4,47,2022-11-28 04:33
20.3,47,2022-11-28 05:09
20.2,47,2022-11-28 05:34
20.1,47,2022-11-28 06:08
20.1,47,2022-11-28 06:33
20.0,47,2022-11-28 07:09
20.0,47,2022-11-28 07:35
20.2,46,2022-11-28 08:09
20.3,45,2022-11-28 08:35
20.7,45,2022-11-28 09:47
21.1,43,2022-11-28 11:24
21.3,42,2022-11-28 12:09
21.7,43,2022-11-28 12:45
21.8,43,2022-11-28 13:11
22.1,43,2022-11-28 13:41
22.2,43,2022-11-28 14:09
22.3,42,2022-11-28 14:34
22.5,43,2022-11-28 15:12
22.6,44,2022-11-28 15:41
22.6,44,2022-11-28 16:09
22.7,45,2022-11-28 16:33
22.7,45,2022-11-28 17:13
22.5,46,2022-11-28 17:40
22.4,47,2022-11-28 18:10
22.5,49,2022-11-28 18:35
22.7,49,2022-11-28 19:10
22.8,49,2022-11-28 19:38
22.8,49,2022-11-28 20:08
22.8,48,2022-11-28 20:33
22.7,46,2022-11-28 21:18
22.7,45,2022-11-28 21:58
22.7,45,2022-11-28 22:26
22.8,44,2022-11-28 22:42
22.8,43,2022-11-28 23:08
22.8,43,2022-11-28 23:34
22.8,43,2022-11-29 00:09
22.8,43,2022-11-29 00:33
22.9,44,2022-11-29 01:11
22.8,45,2022-11-29 01:40
22.6,48,2022-11-29 02:09
22.6,51,2022-11-29 02:35
22.5,57,2022-11-29 03:12
22.4,60,2022-11-29 03:41
22.3,61,2022-11-29 04:07
22.3,62,2022-11-29 04:33
22.2,63,2022-11-29 05:10
22.2,65,2022-11-29 05:34
22.2,67,2022-11-29 06:08
22.1,67,2022-11-29 06:33
22.1,69,2022-11-29 07:09
22.0,69,2022-11-29 07:36
22.1,70,2022-11-29 08:09
22.2,70,2022-11-29 08:35
22.6,71,2022-11-29 09:50
23.1,72,2022-11-29 11:22
23.3,72,2022-11-29 12:05
23.5,72,2022-11-29 12:43
23.6,72,2022-11-29 13:11
23.6,72,2022-11-29 13:41
23.7,72,2022-11-29 14:09
23.7,71,2022-11-29 14:34
23.6,70,2022-11-29 15:12
23.5,69,2022-11-29 15:41
23.5,69,2022-11-29 16:08
23.5,68,2022-11-29 16:33
23.5,68,2022-11-29 17:12
23.4,68,2022-11-29 17:40
23.4,69,2022-11-29 18:10
23.4,69,2022-11-29 18:35
23.5,67,2022-11-29 19:10
23.4,66,2022-11-29 19:38
23.3,65,2022-11-29 20:08
23.1,65,2022-11-29 20:33
22.7,62,2022-11-29 21:18
22.4,60,2022-11-29 21:57
22.3,60,2022-11-29 22:25
22.3,60,2022-11-29 22:42
22.2,61,2022-11-29 23:08
22.2,60,2022-11-29 23:35
22.0,57,2022-11-30 00:09
21.9,56,2022-11-30 00:38
21.7,55,2022-11-30 01:12
21.7,58,2022-11-30 01:47
21.6,58,2022-11-30 02:08
21.5,56,2022-11-30 02:35
21.4,54,2022-11-30 03:11
21.3,50,2022-11-30 03:38
21.2,49,2022-11-30 04:07
21.2,47,2022-11-30 04:33
21.1,45,2022-11-30 05:10
21.0,43,2022-11-30 05:34
20.9,43,2022-11-30 06:09
20.9,41,2022-11-30 06:33
20.8,41,2022-11-30 07:09
20.8,41,2022-11-30 07:35
20.7,41,2022-11-30 08:09
20.8,42,2022-11-30 08:36
20.7,44,2022-11-30 09:51
20.4,41,2022-11-30 11:21
20.2,37,2022-11-30 12:03
20.1,36,2022-11-30 12:41
20.0,34,2022-11-30 13:12
19.8,33,2022-11-30 13:41
19.7,33,2022-11-30 14:09
19.7,34,2022-11-30 14:35
19.6,34,2022-11-30 15:12
19.6,34,2022-11-30 15:41
19.5,35,2022-11-30 16:09
19.4,35,2022-11-30 16:33
19.3,36,2022-11-30 17:12
19.2,36,2022-11-30 17:40
19.4,36,2022-11-30 18:10
19.5,35,2022-11-30 18:35
19.6,34,2022-11-30 19:10
19.6,33,2022-11-30 19:38
19.6,33,2022-11-30 20:08
19.6,33,2022-11-30 20:33
19.2,32,2022-11-30 21:19
18.9,32,2022-11-30 22:02
18.8,32,2022-11-30 22:43
18.7,32,2022-11-30 23:09
18.6,32,2022-11-30 23:36
18.6,32,2022-12-01 00:10
18.5,32,2022-12-01 00:37
18.4,32,2022-12-01 01:13
18.3,32,2022-12-01 01:48
18.3,33,2022-12-01 02:09
18.2,33,2022-12-01 02:36
18.1,32,2022-12-01 03:12
18.1,32,2022-12-01 03:41
18.0,32,2022-12-01 04:08
17.9,32,2022-12-01 04:33
17.8,32,2022-12-01 05:10
17.8,32,2022-12-01 05:35
17.7,33,2022-12-01 06:08
17.7,33,2022-12-01 06:33
17.6,33,2022-12-01 07:09
17.7,33,2022-12-01 07:36
17.9,33,2022-12-01 08:09
18.1,32,2022-12-01 08:35
18.4,33,2022-12-01 09:55
18.5,33,2022-12-01 11:44
18.5,34,2022-12-01 12:33
18.5,33,2022-12-01 13:12
18.5,32,2022-12-01 13:41
18.5,31,2022-12-01 14:09
18.4,30,2022-12-01 14:35
18.4,30,2022-12-01 15:12
18.4,29,2022-12-01 15:41
18.4,29,2022-12-01 16:09
18.3,30,2022-12-01 16:33
18.3,31,2022-12-01 17:12
18.2,31,2022-12-01 17:41
18.4,32,2022-12-01 18:10
18.4,31,2022-12-01 18:35
18.3,30,2022-12-01 19:10
18.3,30,2022-12-01 19:38
18.3,30,2022-12-01 20:08
18.3,30,2022-12-01 20:33
18.2,30,2022-12-01 21:20
18.1,30,2022-12-01 22:03
17.7,30,2022-12-01 22:46
17.6,30,2022-12-01 23:09
17.4,30,2022-12-01 23:35
17.3,31,2022-12-02 00:10
17.2,32,2022-12-02 00:37
17.1,32,2022-12-02 01:13
16.9,33,2022-12-02 01:47
16.8,33,2022-12-02 02:09
16.8,33,2022-12-02 02:35
16.7,33,2022-12-02 03:12
16.7,33,2022-12-02 03:40
16.6,34,2022-12-02 04:08
16.6,35,2022-12-02 04:34
16.5,36,2022-12-02 05:09
16.5,35,2022-12-02 05:33
16.6,36,2022-12-02 06:08
16.6,35,2022-12-02 06:33
16.5,35,2022-12-02 07:09
16.4,36,2022-12-02 07:34
18.2,34,2022-12-02 08:09
18.4,33,2022-12-02 08:34
18.9,31,2022-12-02 09:45
19.2,31,2022-12-02 11:16
19.2,30,2022-12-02 12:00
19.2,29,2022-12-02 12:23
19.3,29,2022-12-02 12:37
19.4,28,2022-12-02 13:11
18.9,28,2022-12-02 13:38
18.6,28,2022-12-02 14:08
18.5,27,2022-12-02 14:33
18.4,28,2022-12-02 15:11
18.2,29,2022-12-02 15:38
18.2,29,2022-12-02 16:09
18.1,30,2022-12-02 16:33
18.0,31,2022-12-02 17:11
17.9,31,2022-12-02 17:37
18.6,32,2022-12-02 18:09
19.5,32,2022-12-02 18:33
19.6,35,2022-12-02 19:10
20.2,33,2022-12-02 19:36
20.2,33,2022-12-02 20:06
20.1,32,2022-12-02 20:33
20.0,32,2022-12-02 21:17
19.9,31,2022-12-02 21:53
19.9,31,2022-12-02 22:16
19.9,31,2022-12-02 22:36
19.9,31,2022-12-02 23:08
19.8,31,2022-12-02 23:33
19.6,31,2022-12-03 00:08
19.5,31,2022-12-03 00:33
19.3,31,2022-12-03 01:12
19.2,31,2022-12-03 01:44
19.1,32,2022-12-03 02:08
19.1,31,2022-12-03 02:33
19.1,31,2022-12-03 03:11
19.1,31,2022-12-03 03:37
19.1,31,2022-12-03 04:06
19.2,31,2022-12-03 04:33
19.1,31,2022-12-03 05:09
19.0,31,2022-12-03 05:33
19.0,31,2022-12-03 06:07
18.9,31,2022-12-03 06:33
19.0,31,2022-12-03 07:08
19.0,31,2022-12-03 07:34
19.0,31,2022-12-03 08:08
19.1,31,2022-12-03 08:33
18.2,32,2022-12-03 09:42
18.0,32,2022-12-03 11:07
18.0,32,2022-12-03 11:48
18.0,33,2022-12-03 12:09
18.2,33,2022-12-03 12:34
18.2,34,2022-12-03 13:10
18.3,34,2022-12-03 13:38
18.3,35,2022-12-03 14:08
18.4,36,2022-12-03 14:33
18.5,36,2022-12-03 15:11
18.6,37,2022-12-03 15:37
18.6,37,2022-12-03 16:07
18.3,37,2022-12-03 16:33
18.2,39,2022-12-03 17:11
18.1,39,2022-12-03 17:36
18.0,38,2022-12-03 18:08
17.9,38,2022-12-03 18:33
17.9,39,2022-12-03 19:08
18.0,42,2022-12-03 19:34
18.1,41,2022-12-03 20:06
18.2,40,2022-12-03 20:33
18.2,40,2022-12-03 21:14
18.2,40,2022-12-03 21:50
18.2,40,2022-12-03 22:13
18.2,41,2022-12-03 22:33
18.3,41,2022-12-03 23:07
18.3,42,2022-12-03 23:33
20.1,41,2022-12-04 00:08
20.1,40,2022-12-04 00:33
20.1,41,2022-12-04 01:17
20.1,41,2022-12-04 01:42
20.0,41,2022-12-04 02:07
20.0,41,2022-12-04 02:33
20.1,42,2022-12-04 03:10
20.1,43,2022-12-04 03:36
20.1,44,2022-12-04 04:07
20.2,44,2022-12-04 04:32
20.2,44,2022-12-04 05:08
20.2,44,2022-12-04 05:33
20.2,44,2022-12-04 06:07
20.2,45,2022-12-04 06:33
20.2,46,2022-12-04 07:08
20.2,46,2022-12-04 07:33
20.2,46,2022-12-04 08:08
20.5,45,2022-12-04 08:33
20.7,45,2022-12-04 09:46
20.8,46,2022-12-04 11:14
20.1,45,2022-12-04 11:55
19.7,45,2022-12-04 12:11
19.3,43,2022-12-04 12:34
18.9,42,2022-12-04 13:10
18.7,40,2022-12-04 13:38
18.5,39,2022-12-04 14:08
18.4,37,2022-12-04 14:33
18.2,36,2022-12-04 15:11
18.2,36,2022-12-04 15:36
18.1,37,2022-12-04 16:07
18.1,37,2022-12-04 16:33
17.9,38,2022-12-04 17:11
17.9,38,2022-12-04 17:36
17.8,39,2022-12-04 18:08
17.8,40,2022-12-04 18:33
17.7,40,2022-12-04 19:09
17.7,41,2022-12-04 19:34
17.7,41,2022-12-04 20:07
17.6,41,2022-12-04 20:33
17.6,41,2022-12-04 21:16
17.6,41,2022-12-04 21:52
17.6,41,2022-12-04 22:14
17.6,42,2022-12-04 22:33
17.5,42,2022-12-04 23:08
17.5,42,2022-12-04 23:33
17.5,42,2022-12-05 00:08
17.5,42,2022-12-05 00:33
17.4,43,2022-12-05 01:11
17.4,43,2022-12-05 01:42
17.4,43,2022-12-05 02:08
17.4,43,2022-12-05 02:33
17.4,43,2022-12-05 03:10
17.4,43,2022-12-05 03:36
17.3,43,2022-12-05 04:06
17.3,43,2022-12-05 04:32
17.3,43,2022-12-05 05:09
17.3,43,2022-12-05 05:33
17.3,43,2022-12-05 06:07
17.2,43,2022-12-05 06:33
17.2,43,2022-12-05 07:08
17.2,43,2022-12-05 07:33
17.2,43,2022-12-05 08:08
17.2,43,2022-12-05 08:33
17.2,42,2022-12-05 09:44
17.2,42,2022-12-05 11:13
17.2,41,2022-12-05 11:54
17.2,40,2022-12-05 12:10
17.2,40,2022-12-05 12:35
17.1,40,2022-12-05 13:11
17.1,39,2022-12-05 13:39
17.1,39,2022-12-05 14:09
17.1,40,2022-12-05 14:33
17.1,41,2022-12-05 15:12
17.1,42,2022-12-05 15:38
17.1,42,2022-12-05 16:09
17.1,42,2022-12-05 16:33
17.1,44,2022-12-05 17:12
17.0,45,2022-12-05 17:39
17.0,46,2022-12-05 18:09
17.0,46,2022-12-05 18:33
16.9,46,2022-12-05 19:10
16.9,46,2022-12-05 19:36
16.8,46,2022-12-05 20:07
16.8,46,2022-12-05 20:33
16.8,46,2022-12-05 21:17
16.8,47,2022-12-05 21:55
16.8,47,2022-12-05 22:18
16.8,47,2022-12-05 22:37
16.7,48,2022-12-05 23:08
16.7,48,2022-12-05 23:33
16.7,49,2022-12-06 00:09
16.6,49,2022-12-06 00:35
16.6,49,2022-12-06 01:12
16.6,50,2022-12-06 01:46
16.6,50,2022-12-06 02:08
16.6,50,2022-12-06 02:33
16.6,49,2022-12-06 03:11
16.5,44,2022-12-06 03:38
16.4,41,2022-12-06 04:07
16.4,40,2022-12-06 04:33
16.3,39,2022-12-06 05:09
16.3,38,2022-12-06 05:33
16.2,37,2022-12-06 06:08
16.2,36,2022-12-06 06:33
16.1,35,2022-12-06 07:08
16.1,34,2022-12-06 07:34
16.0,34,2022-12-06 08:09
16.0,33,2022-12-06 08:33
16.1,32,2022-12-06 09:44
16.1,33,2022-12-06 11:13
16.1,33,2022-12-06 11:54
16.1,33,2022-12-06 12:10
16.1,32,2022-12-06 12:34
16.1,32,2022-12-06 13:10
16.0,33,2022-12-06 13:38
16.1,31,2022-12-06 14:08
16.1,32,2022-12-06 14:33
16.1,32,2022-12-06 15:12
16.0,33,2022-12-06 15:38
16.0,33,2022-12-06 16:08
16.0,34,2022-12-06 16:33
16.0,33,2022-12-06 17:12
16.0,34,2022-12-06 17:38
15.9,34,2022-12-06 18:08
15.9,34,2022-12-06 18:34
15.9,34,2022-12-06 19:09
15.9,34,2022-12-06 19:35
15.9,35,2022-12-06 20:07
15.9,35,2022-12-06 20:33
15.8,35,2022-12-06 21:17
15.9,35,2022-12-06 21:58
15.9,35,2022-12-06 22:24
15.9,35,2022-12-06 22:38
15.9,35,2022-12-06 23:08
15.8,35,2022-12-06 23:33
15.7,36,2022-12-07 00:09
15.6,36,2022-12-07 00:35
15.6,36,2022-12-07 01:12
15.5,37,2022-12-07 01:46
15.4,37,2022-12-07 02:08
15.4,37,2022-12-07 02:34
15.4,37,2022-12-07 03:11
15.4,37,2022-12-07 03:37
15.4,37,2022-12-07 04:07
15.5,37,2022-12-07 04:32
15.5,38,2022-12-07 05:09
15.5,38,2022-12-07 05:33
15.5,37,2022-12-07 06:08
15.5,38,2022-12-07 06:33
15.5,38,2022-12-07 07:08
15.5,38,2022-12-07 07:34
15.5,38,2022-12-07 08:09
15.5,38,2022-12-07 08:34
15.7,37,2022-12-07 09:47
15.8,38,2022-12-07 11:20
16.0,38,2022-12-07 12:01
16.0,39,2022-12-07 12:38
16.1,40,2022-12-07 13:11
16.1,41,2022-12-07 13:39
16.2,41,2022-12-07 14:08
16.2,41,2022-12-07 14:33
16.3,43,2022-12-07 15:11
16.3,43,2022-12-07 15:39
16.3,41,2022-12-07 16:08
16.3,42,2022-12-07 16:33
16.2,41,2022-12-07 17:12
16.2,41,2022-12-07 17:37
16.2,42,2022-12-07 18:09
16.2,42,2022-12-07 18:33
16.1,42,2022-12-07 19:09
16.1,42,2022-12-07 19:36
16.1,39,2022-12-07 20:07
16.1,39,2022-12-07 20:33
16.1,39,2022-12-07 21:16
16.1,40,2022-12-07 21:54
16.0,41,2022-12-07 22:17
16.0,41,2022-12-07 22:37
15.9,42,2022-12-07 23:08
15.8,42,2022-12-07 23:33
15.7,42,2022-12-08 00:09
15.7,43,2022-12-08 00:35
15.6,43,2022-12-08 01:12
15.5,44,2022-12-08 01:45
15.5,44,2022-12-08 02:08
15.4,44,2022-12-08 02:33
15.4,44,2022-12-08 03:11
15.3,44,2022-12-08 03:38
15.3,44,2022-12-08 04:07
15.2,44,2022-12-08 04:33
15.2,44,2022-12-08 05:09
15.1,44,2022-12-08 05:33
15.1,44,2022-12-08 06:08
15.1,44,2022-12-08 06:33
15.0,44,2022-12-08 07:08
15.0,44,2022-12-08 07:34
15.0,44,2022-12-08 08:09
15.1,44,2022-12-08 08:34
15.3,43,2022-12-08 09:44
15.6,43,2022-12-08 11:15
15.7,43,2022-12-08 11:57
15.8,43,2022-12-08 12:15
15.9,43,2022-12-08 12:35
16.0,43,2022-12-08 13:11
16.0,42,2022-12-08 13:39
16.1,42,2022-12-08 14:08
16.1,41,2022-12-08 14:33
16.1,40,2022-12-08 15:12
16.1,40,2022-12-08 15:39
16.2,40,2022-12-08 16:08
16.6,40,2022-12-08 16:33
16.8,39,2022-12-08 17:11
16.6,39,2022-12-08 17:38
16.6,40,2022-12-08 18:08
16.6,43,2022-12-08 18:33
16.9,45,2022-12-08 19:10
17.0,44,2022-12-08 19:37
20.0,39,2022-12-08 20:08
19.8,38,2022-12-08 20:34
20.2,38,2022-12-08 21:16
20.6,37,2022-12-08 21:55
20.6,37,2022-12-08 22:18
21.2,36,2022-12-08 22:36
21.5,35,2022-12-08 23:08
22.1,34,2022-12-08 23:33
21.6,35,2022-12-09 00:09
21.7,35,2022-12-09 00:34
21.9,35,2022-12-09 01:13
21.8,35,2022-12-09 01:44
22.0,34,2022-12-09 02:08
21.7,34,2022-12-09 02:33
21.9,33,2022-12-09 03:11
21.8,34,2022-12-09 03:37
21.7,33,2022-12-09 04:07
